dt,order_ts,customer_id,order_id,item_seq,product_id,quantity,unit_price_currency,unit_price,discount_pct,tax_amount,channel,coupon_code
2025-11-18,2025-11-18 09:18:43,CUST000000109367,766095,1,2000000219998,3,USD,$8,11%,3,app,
2025-11-18,2025-11-18 09:18:43,CUST000000109367,766095,2,2000000074122,Two,USD,$79,11%,17,app,
2025-11-18,2025-11-18 09:18:43,CUST000000109367,766095,3,2000000251738,1,USD,$25,17%,3,app,
2025-11-18,2025-11-18 20:33:50,CUST000000009569,766096,1,2000000269962,1,USD,$131,9%,15,web,
2025-11-18,2025-11-18 13:13:16,CUST000000219787,766097,1,2000000013497,1,INR,72602,14%,11223,app,
2025-11-18,2025-11-18 16:06:23,CUST000000101493,766098,1,2000000378718,1,INR,2577,4%,296,web,PRIME5
2025-11-18,2025-11-18 13:21:54,CUST000000193769,766099,1,2000000093109,1,GBP,23,0%,3,app,
2025-11-18,2025-11-18 13:21:54,CUST000000193769,766099,2,2000000385884,1,GBP,5,22%,1,app,
2025-11-18,2025-11-18 05:16:58,CUST000000249335,766100,1,2000000463117,1,GBP,33,7%,4,app,
2025-11-18,2025-11-18 05:16:58,CUST000000249335,766100,2,2000000299495,Two,GBP,32,3%,12,app,
2025-11-18,2025-11-18 18:44:39,CUST000000106412,766101,1,2000000008707,3,SGD,60,20%,27,app,
2025-11-18,2025-11-18 16:26:30,CUST000000065647,766102,1,2000000313221,1,INR,623,2%,31,web,
2025-11-18,2025-11-18 03:24:20,CUST000000013376,766103,1,2000000157634,Two,CAD,32,0%,4,web,
2025-11-18,2025-11-18 21:19:21,CUST000000085140,766104,1,2000000015163,4,USD,$59,17%,24,app,
2025-11-18,2025-11-18 21:19:21,CUST000000085140,766104,2,2000000132396,1,USD,$82,19%,9,app,
2025-11-18,2025-11-18 21:19:21,CUST000000085140,766104,3,2000000103938,1,USD,$20,17%,1,app,
2025-11-18,2025-11-18 15:19:58,CUST000000145438,766105,1,2000000083117,1,INR,4238,9%,462,app,PRIME5
2025-11-18,2025-11-18 15:19:58,CUST000000145438,766105,2,2000000432533,1,INR,1481,0%,178,app,PRIME5
2025-11-18,2025-11-18 15:19:58,CUST000000145438,766105,3,2000000413372,Two,INR,1988,0%,478,app,PRIME5
2025-11-18,2025-11-18 15:19:58,CUST000000145438,766105,4,2000000393537,1,INR,101269,12%,10680,app,PRIME5
2025-11-18,2025-11-18 10:04:07,CUST000000228049,766106,1,2000000167015,1,USD,$24,10%,2,web,
2025-11-18,2025-11-18 10:04:07,CUST000000228049,766106,2,2000000339535,1,USD,$19,0%,3,web,
2025-11-18,2025-11-18 03:51:27,CUST000000003681,766107,1,2000000458250,1,INR,2773,2%,488,app,PRIME5
2025-11-18,2025-11-18 02:16:56,CUST000000053970,766108,1,2000000204499,1,USD,$43,17%,2,app,
2025-11-18,2025-11-18 02:16:56,CUST000000053970,766108,2,2000000354927,1,USD,$7,2%,2,app,
2025-11-18,2025-11-18 15:53:05,CUST000000087177,766109,1,2000000492452,1,INR,17481,13%,1835,app,PRIME5
2025-11-18,2025-11-18 22:31:22,CUST000000011007,766110,1,2000000153261,1,INR,603,0%,73,web,FEST20
2025-11-18,2025-11-18 22:31:22,CUST000000011007,766110,2,2000000086163,1,INR,11539,10%,521,web,FEST20
2025-11-18,2025-11-18 22:31:22,CUST000000011007,766110,3,2000000350929,Two,INR,1534,5%,349,web,FEST20
2025-11-18,2025-11-18 22:31:22,CUST000000011007,766110,4,2000000346670,Two,INR,3677,4%,848,web,FEST20
2025-11-18,2025-11-18 03:10:18,CUST000000225028,766111,1,2000000213590,1,AED,1837,6%,208,app,
2025-11-18,2025-11-18 03:10:18,CUST000000225028,766111,2,2000000315522,Two,AED,205,4%,48,app,
2025-11-18,2025-11-18 03:10:18,CUST000000225028,766111,3,2000000162355,Two,AED,148,5%,15,app,
2025-11-18,2025-11-18 09:21:28,CUST000000220457,766112,1,2000000031965,1,USD,$1207,1%,143,app,
2025-11-18,2025-11-18 09:21:28,CUST000000220457,766112,2,2000000120355,Two,USD,$6,9%,2,app,
2025-11-18,2025-11-18 09:21:28,CUST000000220457,766112,3,2000000009865,Two,USD,$2,17%,1,app,
2025-11-18,2025-11-18 09:21:28,CUST000000220457,766112,4,2000000426778,Two,USD,$4,12%,2,app,
2025-11-18,2025-11-18 11:16:04,CUST000000029073,766113,1,2000000143774,1,INR,7509,6%,354,web,
2025-11-18,2025-11-18 08:47:11,CUST000000194653,766114,1,2000000139227,Two,INR,1479,17%,123,web,
2025-11-18,2025-11-18 07:22:24,CUST000000297072,766115,1,2000000377322,1,GBP,416,0%,75,app,
2025-11-18,2025-11-18 07:22:24,CUST000000297072,766115,2,2000000375762,1,GBP,141,4%,7,app,
2025-11-18,2025-11-18 07:22:24,CUST000000297072,766115,3,2000000229614,1,GBP,14,11%,3,app,
2025-11-18,2025-11-18 07:22:24,CUST000000297072,766115,4,2000000278353,1,GBP,43,12%,5,app,
2025-11-18,2025-11-18 17:59:12,CUST000000262545,766116,1,2000000429595,1,SGD,230,12%,37,app,
2025-11-18,2025-11-18 03:04:54,CUST000000123673,766117,1,2000000467023,1,INR,802,13%,84,web,
2025-11-18,2025-11-18 03:04:54,CUST000000123673,766117,2,2000000105864,1,INR,3425,19%,139,web,
2025-11-18,2025-11-18 03:04:54,CUST000000123673,766117,3,2000000473284,1,INR,20994,1%,2498,web,
2025-11-18,2025-11-18 18:19:41,CUST000000294696,766118,1,2000000256344,1,AED,130,12%,14,app,
2025-11-18,2025-11-18 21:59:35,CUST000000299988,766119,1,2000000482521,1,INR,9166,16%,1392,app,
2025-11-18,2025-11-18 04:57:06,CUST000000148372,766120,1,2000000493534,1,INR,1308,19%,190,web,
2025-11-18,2025-11-18 09:23:55,CUST000000228564,766121,1,2000000466378,Two,INR,637,23%,118,app,
2025-11-18,2025-11-18 09:26:43,CUST000000210412,766122,1,2000000002637,1,INR,6391,5%,304,web,PRIME5
2025-11-18,2025-11-18 09:26:43,CUST000000210412,766122,2,2000000015545,1,INR,2604,8%,431,web,PRIME5
2025-11-18,2025-11-18 06:25:02,CUST000000251617,766123,1,2000000185743,1,AED,22,23%,3,app,
2025-11-18,2025-11-18 00:18:09,CUST000000012784,766124,1,2000000226392,1,INR,1100,16%,47,web,
2025-11-18,2025-11-18 00:18:09,CUST000000012784,766124,2,2000000083698,1,INR,587,18%,25,web,
2025-11-18,2025-11-18 16:55:55,CUST000000051443,766125,1,2000000496269,1,AUD,83,3%,5,app,
2025-11-18,2025-11-18 20:04:55,CUST000000256284,766126,1,2000000273983,1,INR,1223,8%,135,app,
2025-11-18,2025-11-18 20:04:55,CUST000000256284,766126,2,2000000195056,1,INR,3492,0%,420,app,
2025-11-18,2025-11-18 20:04:55,CUST000000256284,766126,3,2000000113913,3,INR,5281,1%,1877,app,
2025-11-18,2025-11-18 20:04:55,CUST000000256284,766126,4,2000000417837,1,INR,52434,8%,2413,app,
2025-11-18,2025-11-18 08:59:08,CUST000000261465,766127,1,2000000358918,1,INR,1761,4%,85,web,PRIME5
2025-11-18,2025-11-18 03:01:54,CUST000000239528,766128,1,2000000250380,1,INR,75609,0%,9074,app,
2025-11-18,2025-11-18 15:06:44,CUST000000000546,766129,1,2000000026633,1,INR,998,0%,120,web,
2025-11-18,2025-11-18 15:06:44,CUST000000000546,766129,2,2000000190655,1,INR,955,18%,95,web,
2025-11-18,2025-11-18 16:38:36,CUST000000086802,766130,1,2000000190013,3,INR,34219,15%,10428,app,FEST20
2025-11-18,2025-11-18 16:38:36,CUST000000086802,766130,2,2000000494203,1,INR,1860,13%,81,app,FEST20
2025-11-18,2025-11-18 16:34:48,CUST000000216944,766131,1,2000000041865,3,INR,114511,0%,61837,web,FEST20
2025-11-18,2025-11-18 12:33:34,CUST000000199035,766132,1,2000000164618,1,GBP,329,16%,34,web,
2025-11-18,2025-11-18 10:57:36,CUST000000267109,766133,1,2000000102030,1,USD,$31,16%,5,web,
2025-11-18,2025-11-18 10:57:36,CUST000000267109,766133,2,2000000165950,1,USD,$14,0%,2,web,
2025-11-18,2025-11-18 10:14:58,CUST000000173467,766134,1,2000000314969,1,INR,765,14%,79,app,
2025-11-18,2025-11-18 08:15:20,CUST000000199159,766135,1,2000000285221,1,INR,5019,6%,567,web,PRIME5
2025-11-18,2025-11-18 13:21:18,CUST000000264343,766136,1,2000000390000,1,INR,6355,10%,685,app,
2025-11-18,2025-11-18 13:21:18,CUST000000264343,766136,2,2000000200651,1,INR,2742,10%,446,app,
2025-11-18,2025-11-18 12:43:56,CUST000000168662,766137,1,2000000299648,1,INR,4085,9%,668,app,NEW10
2025-11-18,2025-11-18 12:43:56,CUST000000168662,766137,2,2000000019390,1,INR,241,18%,24,app,NEW10
2025-11-18,2025-11-18 12:43:56,CUST000000168662,766137,3,2000000352626,1,INR,5284,0%,952,app,NEW10
2025-11-18,2025-11-18 12:43:56,CUST000000168662,766137,4,2000000383927,1,INR,5374,0%,269,app,NEW10
2025-11-18,2025-11-18 01:49:17,CUST000000161934,766138,1,2000000398013,1,SGD,26,7%,3,app,FEST20
2025-11-18,2025-11-18 14:58:46,CUST000000197814,766139,1,2000000336138,1,INR,1204,0%,217,app,
2025-11-18,2025-11-18 13:46:18,CUST000000124088,766140,1,2000000433349,1,INR,691,5%,118,web,
2025-11-18,2025-11-18 10:24:54,CUST000000230583,766141,1,2000000398815,1,USD,$63,1%,4,app,SAVE50
2025-11-18,2025-11-18 10:24:54,CUST000000230583,766141,2,2000000398259,1,USD,$63,0%,8,app,SAVE50
2025-11-18,2025-11-18 22:50:52,CUST000000083275,766142,1,2000000289366,1,INR,22663,3%,3958,app,
2025-11-18,2025-11-18 02:03:48,CUST000000123264,766143,1,2000000480237,1,INR,7965,2%,392,web,
2025-11-18,2025-11-18 02:03:48,CUST000000123264,766143,2,2000000347912,1,INR,3277,13%,511,web,
2025-11-18,2025-11-18 02:03:48,CUST000000123264,766143,3,2000000464923,4,INR,2056,12%,867,web,
2025-11-18,2025-11-18 13:16:24,CUST000000165031,766144,1,2000000414201,1,INR,1232,0%,148,app,FEST20
2025-11-18,2025-11-18 05:28:49,CUST000000115037,766145,1,2000000199382,1,CAD,30,3%,4,app,PRIME5
2025-11-18,2025-11-18 05:34:32,CUST000000160441,766146,1,2000000499284,1,AUD,43,5%,8,web,
2025-11-18,2025-11-18 05:34:32,CUST000000160441,766146,2,2000000140872,Two,AUD,11,16%,1,web,
2025-11-18,2025-11-18 09:17:30,CUST000000126875,766147,1,2000000252360,Two,INR,2852,7%,637,app,
2025-11-18,2025-11-18 19:33:47,CUST000000133073,766148,1,2000000057101,3,GBP,7,17%,3,web,SAVE50
2025-11-18,2025-11-18 12:14:32,CUST000000026974,766149,1,2000000326337,1,INR,2605,8%,287,web,SAVE50
2025-11-18,2025-11-18 06:06:18,CUST000000021399,766150,1,2000000023137,1,AUD,67,6%,12,app,
2025-11-18,2025-11-18 11:00:09,CUST000000002725,766151,1,2000000077468,Two,CAD,42,0%,11,web,
2025-11-18,2025-11-18 20:53:33,CUST000000074698,766152,1,2000000402758,1,AED,67,7%,4,web,
2025-11-18,2025-11-18 18:39:42,CUST000000190730,766153,1,2000000303529,Two,GBP,32,4%,4,app,
2025-11-18,2025-11-18 18:44:07,CUST000000285275,766154,1,2000000316789,1,AUD,64,18%,3,app,
2025-11-18,2025-11-18 18:44:07,CUST000000285275,766154,2,2000000268354,1,AUD,16,12%,2,app,
2025-11-18,2025-11-18 18:44:07,CUST000000285275,766154,3,2000000264103,Two,AUD,43,17%,9,app,
2025-11-18,2025-11-18 18:44:07,CUST000000285275,766154,4,2000000087245,1,AUD,71,11%,12,app,
2025-11-18,2025-11-18 12:04:08,CUST000000048421,766155,1,2000000216935,1,INR,892,0%,108,web,
2025-11-18,2025-11-18 02:34:54,CUST000000044370,766156,1,2000000476841,1,CAD,749,0%,38,web,
2025-11-18,2025-11-18 02:34:54,CUST000000044370,766156,2,2000000055145,Two,CAD,513,11%,164,web,
2025-11-18,2025-11-18 20:44:05,CUST000000065188,766157,1,2000000494807,Two,AED,190,6%,65,app,
2025-11-18,2025-11-18 20:44:05,CUST000000065188,766157,2,2000000414546,1,AED,2952,0%,148,app,
2025-11-18,2025-11-18 00:17:34,CUST000000003759,766158,1,2000000398150,Two,AED,326,5%,32,app,
2025-11-18,2025-11-18 00:17:34,CUST000000003759,766158,2,2000000470184,3,AED,270,4%,94,app,
2025-11-18,2025-11-18 00:17:34,CUST000000003759,766158,3,2000000067698,1,AED,95,3%,12,app,
2025-11-18,2025-11-18 00:17:34,CUST000000003759,766158,4,2000000191645,1,AED,140,25%,13,app,
2025-11-18,2025-11-18 06:22:56,CUST000000264802,766159,1,2000000093772,1,GBP,39,20%,4,app,
2025-11-18,2025-11-18 06:22:56,CUST000000264802,766159,2,2000000233284,1,GBP,37,16%,4,app,
2025-11-18,2025-11-18 06:22:56,CUST000000264802,766159,3,2000000467610,Two,GBP,20,22%,2,app,
2025-11-18,2025-11-18 17:46:03,CUST000000037298,766160,1,2000000046594,1,CAD,3,14%,1,app,
2025-11-18,2025-11-18 05:07:02,CUST000000001283,766161,1,2000000449913,1,GBP,5,5%,1,app,
2025-11-18,2025-11-18 20:56:57,CUST000000089594,766162,1,2000000206004,1,INR,623,20%,61,app,PRIME5
2025-11-18,2025-11-18 14:28:39,CUST000000026743,766163,1,2000000161549,1,SGD,9,0%,2,app,
2025-11-18,2025-11-18 11:05:49,CUST000000093581,766164,1,2000000038452,1,INR,1029,25%,39,web,
2025-11-18,2025-11-18 10:31:58,CUST000000244566,766165,1,2000000190495,1,INR,6329,5%,721,web,
2025-11-18,2025-11-18 10:31:58,CUST000000244566,766165,2,2000000404301,1,INR,5490,12%,578,web,
2025-11-18,2025-11-18 03:08:32,CUST000000108674,766166,1,2000000065663,1,INR,1810,5%,87,app,
2025-11-18,2025-11-18 11:39:54,CUST000000296749,766167,1,2000000172620,1,GBP,37,0%,5,app,
2025-11-18,2025-11-18 11:39:54,CUST000000296749,766167,2,2000000340739,Two,GBP,5,30%,1,app,
2025-11-18,2025-11-18 03:02:30,CUST000000035675,766168,1,2000000163796,1,GBP,29,17%,3,app,
2025-11-18,2025-11-18 03:02:30,CUST000000035675,766168,2,2000000062174,1,GBP,97,11%,16,app,
2025-11-18,2025-11-18 06:40:01,CUST000000010060,766169,1,2000000025933,1,INR,1082,7%,122,web,
2025-11-18,2025-11-18 11:34:04,CUST000000196756,766170,1,2000000082622,Two,GBP,2,12%,1,web,
2025-11-18,2025-11-18 11:34:04,CUST000000196756,766170,2,2000000089126,Two,GBP,24,14%,8,web,
2025-11-18,2025-11-18 09:42:33,CUST000000219491,766171,1,2000000447414,1,INR,2864,20%,115,app,
2025-11-18,2025-11-18 10:29:26,CUST000000276529,766172,1,2000000376615,1,INR,1195,8%,56,app,
2025-11-18,2025-11-18 16:11:29,CUST000000287369,766173,1,2000000018706,3,INR,23529,8%,3254,web,
2025-11-18,2025-11-18 08:07:47,CUST000000146123,766174,1,2000000382197,1,GBP,19,21%,2,app,
2025-11-18,2025-11-18 08:07:47,CUST000000146123,766174,2,2000000390567,1,GBP,24,6%,3,app,
2025-11-18,2025-11-18 20:13:09,CUST000000214562,766175,1,2000000103563,1,GBP,14,0%,1,app,FEST20
2025-11-18,2025-11-18 23:05:52,CUST000000153485,766176,1,2000000063553,4,USD,$87,8%,17,app,PRIME5
2025-11-18,2025-11-18 23:05:52,CUST000000153485,766176,2,2000000365091,1,USD,$32,7%,2,app,PRIME5
2025-11-18,2025-11-18 01:53:11,CUST000000036932,766177,1,2000000078946,1,USD,$1056,0%,53,app,
2025-11-18,2025-11-18 01:53:11,CUST000000036932,766177,2,2000000026695,1,USD,$1214,0%,61,app,
2025-11-18,2025-11-18 09:59:12,CUST000000185629,766178,1,2000000393834,Two,INR,7112,11%,1516,app,
2025-11-18,2025-11-18 09:59:12,CUST000000185629,766178,2,2000000460406,1,INR,84387,8%,9290,app,
2025-11-18,2025-11-18 09:59:12,CUST000000185629,766178,3,2000000108667,1,INR,2453,2%,289,app,
2025-11-18,2025-11-18 09:59:12,CUST000000185629,766178,4,2000000302386,3,INR,434,7%,145,app,
2025-11-18,2025-11-18 05:35:48,CUST000000105909,766179,1,2000000400433,1,INR,3306,7%,368,app,
2025-11-18,2025-11-18 05:35:48,CUST000000105909,766179,2,2000000391052,1,INR,32705,11%,3475,app,
2025-11-18,2025-11-18 05:35:48,CUST000000105909,766179,3,2000000050300,1,INR,4465,18%,442,app,
2025-11-18,2025-11-18 13:39:43,CUST000000070546,766180,1,2000000320090,Two,INR,12936,21%,2462,app,
2025-11-18,2025-11-18 13:39:43,CUST000000070546,766180,2,2000000143972,1,INR,7358,6%,1245,app,
2025-11-18,2025-11-18 13:39:43,CUST000000070546,766180,3,2000000297521,1,INR,597,1%,30,app,
2025-11-18,2025-11-18 20:46:03,CUST000000220209,766181,1,2000000099965,1,INR,7260,17%,722,app,
2025-11-18,2025-11-18 20:46:03,CUST000000220209,766181,2,2000000354446,3,INR,3295,2%,484,app,
2025-11-18,2025-11-18 20:46:03,CUST000000220209,766181,3,2000000002309,1,INR,5051,5%,575,app,
2025-11-18,2025-11-18 06:51:13,CUST000000243603,766182,1,2000000225968,1,INR,1741,8%,81,web,FEST20
2025-11-18,2025-11-18 06:51:13,CUST000000243603,766182,2,2000000119700,1,INR,9867,9%,449,web,FEST20
2025-11-18,2025-11-18 06:51:13,CUST000000243603,766182,3,2000000288321,3,INR,1325,16%,403,web,FEST20
2025-11-18,2025-11-18 06:51:13,CUST000000243603,766182,4,2000000186672,Two,INR,14990,9%,1369,web,FEST20
2025-11-18,2025-11-18 06:51:13,CUST000000243603,766182,5,2000000365398,1,INR,3564,13%,372,web,FEST20
2025-11-18,2025-11-18 02:32:50,CUST000000214258,766183,1,2000000106717,1,INR,541,16%,23,web,
2025-11-18,2025-11-18 06:59:46,CUST000000109323,766184,1,2000000170275,Two,INR,5622,9%,1223,web,
2025-11-18,2025-11-18 06:59:46,CUST000000109323,766184,2,2000000437514,Two,INR,1480,19%,290,web,
2025-11-18,2025-11-18 08:37:56,CUST000000145294,766185,1,2000000490946,1,INR,1145,9%,125,app,SAVE50
2025-11-18,2025-11-18 08:37:56,CUST000000145294,766185,2,2000000019819,1,INR,5055,2%,598,app,SAVE50
2025-11-18,2025-11-18 01:48:19,CUST000000073817,766186,1,2000000128023,Two,INR,1004,21%,80,web,
2025-11-18,2025-11-18 01:48:19,CUST000000073817,766186,2,2000000234137,1,INR,62423,4%,10754,web,
2025-11-18,2025-11-18 01:48:19,CUST000000073817,766186,3,2000000014111,1,INR,5179,0%,622,web,
2025-11-18,2025-11-18 06:40:52,CUST000000026884,766187,1,2000000350974,1,INR,55266,5%,2633,app,FEST20
2025-11-18,2025-11-18 01:29:48,CUST000000231720,766188,1,2000000286846,1,AED,450,12%,48,app,
2025-11-18,2025-11-18 12:27:47,CUST000000018611,766189,1,2000000186993,3,AUD,3,3%,1,app,SAVE50
2025-11-18,2025-11-18 12:27:47,CUST000000018611,766189,2,2000000042725,4,AUD,124,0%,90,app,SAVE50
2025-11-18,2025-11-18 12:27:47,CUST000000018611,766189,3,2000000048918,Two,AUD,93,8%,21,app,SAVE50
2025-11-18,2025-11-18 16:45:47,CUST000000280794,766190,1,2000000118482,Two,AED,1757,1%,418,web,NEW10
2025-11-18,2025-11-18 09:03:50,CUST000000019339,766191,1,2000000444451,1,INR,616,15%,27,web,
2025-11-18,2025-11-18 09:03:50,CUST000000019339,766191,2,2000000469720,1,INR,25656,9%,4219,web,
2025-11-18,2025-11-18 12:31:09,CUST000000116815,766192,1,2000000130767,1,INR,7445,10%,1208,app,
2025-11-18,2025-11-18 12:31:09,CUST000000116815,766192,2,2000000084695,1,INR,49446,4%,5672,app,
2025-11-18,2025-11-18 19:25:45,CUST000000110623,766193,1,2000000437163,1,INR,19567,18%,1927,app,NEW10
2025-11-18,2025-11-18 08:16:40,CUST000000054249,766194,1,2000000273051,1,INR,427,13%,19,app,FEST20
2025-11-18,2025-11-18 08:16:40,CUST000000054249,766194,2,2000000188751,1,INR,607,7%,29,app,FEST20
2025-11-18,2025-11-18 08:16:40,CUST000000054249,766194,3,2000000435961,1,INR,4105,11%,182,app,FEST20
2025-11-18,2025-11-18 02:29:27,CUST000000214851,766195,1,2000000314570,Two,GBP,174,6%,40,app,
2025-11-18,2025-11-18 01:37:14,CUST000000050550,766196,1,2000000469775,1,INR,13795,0%,2484,web,
2025-11-18,2025-11-18 20:12:52,CUST000000220464,766197,1,2000000184241,Two,AED,125,4%,29,web,FEST20
2025-11-18,2025-11-18 00:53:52,CUST000000016459,766198,1,2000000272535,1,USD,$42,1%,6,app,NEW10
2025-11-18,2025-11-18 00:53:52,CUST000000016459,766198,2,2000000456225,1,USD,$6,10%,1,app,NEW10
2025-11-18,2025-11-18 12:58:37,CUST000000250914,766199,1,2000000196725,1,GBP,24,25%,3,web,FEST20
2025-11-18,2025-11-18 22:56:20,CUST000000076543,766200,1,2000000131894,1,INR,2669,12%,119,app,
2025-11-18,2025-11-18 12:13:50,CUST000000246351,766201,1,2000000047508,1,GBP,79,0%,15,web,
2025-11-18,2025-11-18 10:50:46,CUST000000255374,766202,1,2000000250717,1,AUD,66,9%,4,app,
2025-11-18,2025-11-18 06:09:33,CUST000000088710,766203,1,2000000275963,1,INR,28628,2%,5059,web,
2025-11-18,2025-11-18 09:35:31,CUST000000016176,766204,1,2000000377162,1,AUD,34,2%,2,web,
2025-11-18,2025-11-18 15:48:27,CUST000000135170,766205,1,2000000241586,1,INR,396,4%,20,app,PRIME5
2025-11-18,2025-11-18 15:48:27,CUST000000135170,766205,2,2000000360935,Two,INR,3718,4%,853,app,PRIME5
2025-11-18,2025-11-18 06:30:33,CUST000000105042,766206,1,2000000126050,1,INR,432,10%,20,web,
2025-11-18,2025-11-18 02:00:35,CUST000000046748,766207,1,2000000199108,1,AED,3697,11%,165,app,NEW10
2025-11-18,2025-11-18 01:56:17,CUST000000047269,766208,1,2000000020105,1,USD,$6,1%,1,web,
2025-11-18,2025-11-18 13:38:33,CUST000000223149,766209,1,2000000010243,1,SGD,57,1%,3,web,
2025-11-18,2025-11-18 02:47:52,CUST000000016672,766210,1,2000000259680,1,USD,$157,1%,29,app,FEST20
2025-11-18,2025-11-18 09:36:29,CUST000000019169,766211,1,2000000463919,1,INR,5100,13%,536,app,PRIME5
2025-11-18,2025-11-18 18:38:29,CUST000000022641,766212,1,2000000398815,1,INR,4471,8%,494,web,
2025-11-18,2025-11-18 03:47:52,CUST000000012198,766213,1,2000000158594,1,AED,454,12%,49,web,
2025-11-18,2025-11-18 03:47:52,CUST000000012198,766213,2,2000000174686,3,AED,3618,6%,1840,web,
2025-11-18,2025-11-18 03:47:52,CUST000000012198,766213,3,2000000216652,1,AED,130,0%,16,web,
2025-11-18,2025-11-18 03:47:52,CUST000000012198,766213,4,2000000342986,1,AED,84,6%,10,web,
2025-11-18,2025-11-18 03:47:52,CUST000000012198,766213,5,2000000119397,1,AED,285,7%,48,web,
2025-11-18,2025-11-18 08:24:39,CUST000000234754,766214,1,2000000194448,1,GBP,45,16%,2,web,
2025-11-18,2025-11-18 09:12:48,CUST000000115333,766215,1,2000000040080,1,INR,886,10%,96,app,NEW10
2025-11-18,2025-11-18 09:12:48,CUST000000115333,766215,2,2000000320120,1,INR,13948,3%,2433,app,NEW10
2025-11-18,2025-11-18 15:54:21,CUST000000056337,766216,1,2000000237350,4,AED,187,0%,135,web,FEST20
2025-11-18,2025-11-18 15:54:21,CUST000000056337,766216,2,2000000462394,1,AED,325,8%,36,web,FEST20
2025-11-18,2025-11-18 19:39:38,CUST000000049742,766217,1,2000000443591,1,GBP,10,6%,2,app,
2025-11-18,2025-11-18 11:03:04,CUST000000148767,766218,1,2000000202259,1,AED,137,5%,16,web,SAVE50
2025-11-18,2025-11-18 11:03:04,CUST000000148767,766218,2,2000000100906,1,AED,42,8%,5,web,SAVE50
2025-11-18,2025-11-18 03:31:48,CUST000000200507,766219,1,2000000316642,1,GBP,27,3%,5,web,NEW10
2025-11-18,2025-11-18 14:48:12,CUST000000050456,766220,1,2000000284743,1,INR,7148,3%,346,app,
2025-11-18,2025-11-18 14:48:12,CUST000000050456,766220,2,2000000393124,Two,INR,1806,11%,387,app,
2025-11-18,2025-11-18 23:12:32,CUST000000044887,766221,1,2000000255538,1,USD,$114,6%,20,app,NEW10
2025-11-18,2025-11-18 23:12:32,CUST000000044887,766221,2,2000000295299,1,USD,$1049,0%,53,app,NEW10
2025-11-18,2025-11-18 02:26:11,CUST000000128327,766222,1,2000000252698,1,INR,694,0%,84,web,
2025-11-18,2025-11-18 15:35:02,CUST000000178068,766223,1,2000000033433,Two,INR,4114,0%,412,app,
2025-11-18,2025-11-18 12:18:57,CUST000000006068,766224,1,2000000190563,1,INR,3384,17%,141,app,SAVE50
2025-11-18,2025-11-18 12:18:57,CUST000000006068,766224,2,2000000424156,4,INR,1353,3%,264,app,SAVE50
2025-11-18,2025-11-18 01:42:43,CUST000000226893,766225,1,2000000358222,1,CAD,31,9%,4,web,NEW10
2025-11-18,2025-11-18 01:42:43,CUST000000226893,766225,2,2000000054155,1,CAD,356,2%,18,web,NEW10
2025-11-18,2025-11-18 01:42:43,CUST000000226893,766225,3,2000000348025,1,CAD,857,2%,101,web,NEW10
2025-11-18,2025-11-18 01:42:43,CUST000000226893,766225,4,2000000165851,1,CAD,18,14%,1,web,NEW10
2025-11-18,2025-11-18 01:42:43,CUST000000226893,766225,5,2000000440026,1,CAD,757,11%,81,web,NEW10
2025-11-18,2025-11-18 02:37:12,CUST000000250447,766226,1,2000000074108,1,INR,2704,2%,319,app,FEST20
2025-11-18,2025-11-18 14:24:02,CUST000000235016,766227,1,2000000012995,1,INR,8400,13%,1320,app,
2025-11-18,2025-11-18 14:24:02,CUST000000235016,766227,2,2000000206042,1,INR,4393,0%,528,app,
2025-11-18,2025-11-18 14:24:02,CUST000000235016,766227,3,2000000043005,1,INR,7486,0%,375,app,
2025-11-18,2025-11-18 17:28:56,CUST000000187119,766228,1,2000000273167,1,USD,$513,14%,53,app,
2025-11-18,2025-11-18 06:39:47,CUST000000263317,766229,1,2000000212562,3,INR,12344,11%,3953,web,
2025-11-18,2025-11-18 08:03:06,CUST000000282596,766230,1,2000000356617,1,AED,476,13%,21,web,
2025-11-18,2025-11-18 16:48:07,CUST000000055049,766231,1,2000000396798,Two,INR,2384,5%,815,web,
2025-11-18,2025-11-18 00:20:07,CUST000000109294,766232,1,2000000275185,1,INR,1422,11%,230,app,
2025-11-18,2025-11-18 08:12:57,CUST000000084148,766233,1,2000000363226,1,USD,$4,0%,1,web,
2025-11-18,2025-11-18 10:28:28,CUST000000289619,766234,1,2000000462967,1,GBP,677,0%,122,app,FEST20
2025-11-18,2025-11-18 10:28:28,CUST000000289619,766234,2,2000000296487,Two,GBP,22,14%,7,app,FEST20
2025-11-18,2025-11-18 21:05:46,CUST000000053877,766235,1,2000000149677,3,GBP,57,28%,16,app,
2025-11-18,2025-11-18 00:06:29,CUST000000134881,766236,1,2000000378015,1,SGD,1146,9%,126,web,
2025-11-18,2025-11-18 09:27:51,CUST000000158103,766237,1,2000000032214,1,INR,31421,1%,1550,web,NEW10
2025-11-18,2025-11-18 09:27:51,CUST000000158103,766237,2,2000000109596,Two,INR,5540,9%,1812,web,NEW10
2025-11-18,2025-11-18 09:27:51,CUST000000158103,766237,3,2000000237893,1,INR,596,0%,72,web,NEW10
2025-11-18,2025-11-18 09:27:51,CUST000000158103,766237,4,2000000460772,1,INR,56070,9%,2560,web,NEW10
2025-11-18,2025-11-18 02:14:00,CUST000000008260,766238,1,2000000270715,1,CAD,5,16%,1,app,NEW10
2025-11-18,2025-11-18 02:14:00,CUST000000008260,766238,2,2000000347356,3,CAD,149,10%,49,app,NEW10
2025-11-18,2025-11-18 14:47:44,CUST000000022725,766239,1,2000000326054,1,INR,316,22%,13,web,FEST20
2025-11-18,2025-11-18 02:41:02,CUST000000042009,766240,1,2000000249391,1,SGD,16,0%,1,web,
2025-11-18,2025-11-18 02:41:02,CUST000000042009,766240,2,2000000349442,1,SGD,447,11%,48,web,
2025-11-18,2025-11-18 02:41:02,CUST000000042009,766240,3,2000000050232,1,SGD,128,0%,16,web,
2025-11-18,2025-11-18 15:20:27,CUST000000029801,766241,1,2000000111155,1,INR,8330,9%,913,app,
2025-11-18,2025-11-18 00:18:51,CUST000000288629,766242,1,2000000038292,1,AUD,478,9%,53,web,
2025-11-18,2025-11-18 06:38:38,CUST000000264523,766243,1,2000000433394,4,AED,58,7%,39,app,
2025-11-18,2025-11-18 13:14:23,CUST000000019497,766244,1,2000000254333,Two,GBP,79,3%,8,app,
2025-11-18,2025-11-18 13:14:23,CUST000000019497,766244,2,2000000476476,1,GBP,22,18%,3,app,
2025-11-18,2025-11-18 13:14:23,CUST000000019497,766244,3,2000000128504,1,GBP,19,13%,1,app,
2025-11-18,2025-11-18 13:14:23,CUST000000019497,766244,4,2000000078649,1,GBP,39,4%,5,app,
2025-11-18,2025-11-18 18:41:58,CUST000000273422,766245,1,2000000027685,1,AUD,19,3%,3,web,
2025-11-18,2025-11-18 18:41:58,CUST000000273422,766245,2,2000000266527,Two,AUD,797,10%,173,web,
2025-11-18,2025-11-18 18:41:58,CUST000000273422,766245,3,2000000305332,Two,AUD,38,14%,4,web,
2025-11-18,2025-11-18 02:39:45,CUST000000094504,766246,1,2000000084640,1,GBP,16,21%,2,app,FEST20
2025-11-18,2025-11-18 13:13:36,CUST000000193210,766247,1,2000000082738,1,USD,$13,22%,2,app,
2025-11-18,2025-11-18 13:13:36,CUST000000193210,766247,2,2000000351643,1,USD,$31,15%,4,app,
2025-11-18,2025-11-18 14:39:57,CUST000000265099,766248,1,2000000119885,1,GBP,2,1%,1,app,FEST20
2025-11-18,2025-11-18 14:39:57,CUST000000265099,766248,2,2000000204697,1,GBP,45,1%,3,app,FEST20
2025-11-18,2025-11-18 14:39:57,CUST000000265099,766248,3,2000000224602,1,GBP,56,0%,7,app,FEST20
2025-11-18,2025-11-18 04:27:26,CUST000000097998,766249,1,2000000088174,1,INR,47556,7%,2220,web,
2025-11-18,2025-11-18 04:27:26,CUST000000097998,766249,2,2000000003788,3,INR,3258,17%,1457,web,
2025-11-18,2025-11-18 22:18:07,CUST000000023442,766250,1,2000000315065,1,AUD,247,4%,43,web,FEST20
2025-11-18,2025-11-18 06:08:36,CUST000000263788,766251,1,2000000363943,4,INR,10083,8%,4446,web,
2025-11-18,2025-11-18 21:30:55,CUST000000224799,766252,1,2000000099743,1,CAD,68,0%,9,web,FEST20
2025-11-18,2025-11-18 06:57:00,CUST000000175510,766253,1,2000000064901,1,INR,110312,9%,18099,app,FEST20
2025-11-18,2025-11-18 14:24:56,CUST000000127935,766254,1,2000000158204,Two,INR,1722,11%,553,app,
2025-11-18,2025-11-18 14:24:56,CUST000000127935,766254,2,2000000343334,1,INR,2799,0%,336,app,
2025-11-18,2025-11-18 20:34:40,CUST000000295597,766255,1,2000000322308,1,SGD,40,10%,7,web,PRIME5
2025-11-18,2025-11-18 23:16:35,CUST000000299683,766256,1,2000000039459,1,GBP,14,8%,2,web,
2025-11-18,2025-11-18 05:57:44,CUST000000154280,766257,1,2000000416052,1,GBP,248,7%,28,app,
2025-11-18,2025-11-18 05:57:44,CUST000000154280,766257,2,2000000314914,1,GBP,909,1%,109,app,
2025-11-18,2025-11-18 05:57:44,CUST000000154280,766257,3,2000000263670,1,GBP,151,15%,7,app,
2025-11-18,2025-11-18 05:57:44,CUST000000154280,766257,4,2000000213446,1,GBP,10,5%,1,app,
2025-11-18,2025-11-18 21:50:46,CUST000000296095,766258,1,2000000088846,1,INR,1091,1%,195,app,
2025-11-18,2025-11-18 01:24:24,CUST000000109529,766259,1,2000000268408,1,INR,1224,6%,138,web,
2025-11-18,2025-11-18 01:24:24,CUST000000109529,766259,2,2000000135076,Two,INR,1640,4%,570,web,
2025-11-18,2025-11-18 01:24:24,CUST000000109529,766259,3,2000000226422,1,INR,567,3%,67,web,
2025-11-18,2025-11-18 01:24:24,CUST000000109529,766259,4,2000000313399,1,INR,8564,3%,999,web,
2025-11-18,2025-11-18 14:06:01,CUST000000298281,766260,1,2000000083155,1,AED,79,10%,13,app,
2025-11-18,2025-11-18 09:08:03,CUST000000167614,766261,1,2000000441429,1,INR,11630,17%,1161,app,FEST20
2025-11-18,2025-11-18 09:08:03,CUST000000167614,766261,2,2000000333694,1,INR,2800,10%,302,app,FEST20
2025-11-18,2025-11-18 09:08:03,CUST000000167614,766261,3,2000000045832,1,INR,5985,0%,300,app,FEST20
2025-11-18,2025-11-18 09:08:03,CUST000000167614,766261,4,2000000033310,Two,INR,11370,4%,2621,app,FEST20
2025-11-18,2025-11-18 15:07:03,CUST000000124059,766262,1,2000000050683,1,GBP,20,7%,1,app,
2025-11-18,2025-11-18 22:53:08,CUST000000142386,766263,1,2000000418704,1,USD,$94,15%,15,app,
2025-11-18,2025-11-18 22:53:08,CUST000000142386,766263,2,2000000287843,1,USD,$19,10%,1,app,
2025-11-18,2025-11-18 22:53:08,CUST000000142386,766263,3,2000000215570,1,USD,$32,13%,6,app,
2025-11-18,2025-11-18 01:09:37,CUST000000064318,766264,1,2000000338170,1,INR,2387,0%,287,web,NEW10
2025-11-18,2025-11-18 01:09:37,CUST000000064318,766264,2,2000000318646,1,INR,3955,24%,362,web,NEW10
2025-11-18,2025-11-18 01:09:37,CUST000000064318,766264,3,2000000275307,1,INR,23832,8%,2645,web,NEW10
2025-11-18,2025-11-18 00:04:24,CUST000000161661,766265,1,2000000119502,1,INR,70519,4%,3376,app,
2025-11-18,2025-11-18 00:04:24,CUST000000161661,766265,2,2000000426365,1,INR,8839,3%,1539,app,
2025-11-18,2025-11-18 00:04:24,CUST000000161661,766265,3,2000000428420,1,INR,10773,9%,490,app,
2025-11-18,2025-11-18 22:59:17,CUST000000027952,766266,1,2000000195537,Two,INR,935,11%,301,web,SAVE50
2025-11-18,2025-11-18 07:08:51,CUST000000173394,766267,1,2000000050218,1,AUD,740,8%,82,app,FEST20
2025-11-18,2025-11-18 07:08:51,CUST000000173394,766267,2,2000000138602,4,AUD,15,11%,3,app,FEST20
2025-11-18,2025-11-18 07:08:51,CUST000000173394,766267,3,2000000413778,1,AUD,80,18%,8,app,FEST20
2025-11-18,2025-11-18 07:08:51,CUST000000173394,766267,4,2000000361130,1,AUD,35,5%,5,app,FEST20
2025-11-18,2025-11-18 07:08:51,CUST000000173394,766267,5,2000000115726,Two,AUD,725,10%,236,app,FEST20
2025-11-18,2025-11-18 11:37:25,CUST000000254725,766268,1,2000000279855,1,USD,$393,0%,48,app,FEST20
2025-11-18,2025-11-18 11:37:25,CUST000000254725,766268,2,2000000071565,1,USD,$779,18%,78,app,FEST20
2025-11-18,2025-11-18 16:26:48,CUST000000267989,766269,1,2000000364735,1,AUD,715,3%,125,web,FEST20
2025-11-18,2025-11-18 15:14:52,CUST000000264862,766270,1,2000000261669,3,SGD,53,19%,24,app,
2025-11-18,2025-11-18 14:21:03,CUST000000078908,766271,1,2000000210674,1,USD,$439,7%,50,app,
2025-11-18,2025-11-18 08:25:37,CUST000000041322,766272,1,2000000107103,1,SGD,119,0%,6,app,
2025-11-18,2025-11-18 08:25:37,CUST000000041322,766272,2,2000000258744,Two,SGD,31,20%,3,app,
2025-11-18,2025-11-18 08:25:37,CUST000000041322,766272,3,2000000188379,Two,SGD,229,1%,55,app,
2025-11-18,2025-11-18 08:25:37,CUST000000041322,766272,4,2000000029931,1,SGD,232,14%,11,app,
2025-11-18,2025-11-18 08:25:37,CUST000000041322,766272,5,2000000461267,1,SGD,194,6%,22,app,
2025-11-18,2025-11-18 20:29:32,CUST000000291691,766273,1,2000000482903,1,AUD,16,17%,2,app,
2025-11-18,2025-11-18 20:29:32,CUST000000291691,766273,2,2000000019765,1,AUD,208,22%,20,app,
2025-11-18,2025-11-18 22:48:56,CUST000000074340,766274,1,2000000471310,Two,INR,14912,0%,3580,app,
2025-11-18,2025-11-18 11:38:07,CUST000000181129,766275,1,2000000494159,1,AED,156,6%,8,web,
2025-11-18,2025-11-18 11:38:07,CUST000000181129,766275,2,2000000020617,1,AED,30,11%,4,web,
2025-11-18,2025-11-18 11:38:07,CUST000000181129,766275,3,2000000363486,1,AED,1285,12%,137,web,
2025-11-18,2025-11-18 11:38:07,CUST000000181129,766275,4,2000000304656,1,AED,73,6%,9,web,
2025-11-18,2025-11-18 08:58:42,CUST000000299949,766276,1,2000000263007,1,INR,1050,6%,178,app,FEST20
2025-11-18,2025-11-18 08:58:42,CUST000000299949,766276,2,2000000431604,1,INR,8879,7%,990,app,FEST20
2025-11-18,2025-11-18 08:58:42,CUST000000299949,766276,3,2000000261461,Two,INR,6278,4%,1445,app,FEST20
2025-11-18,2025-11-18 05:57:46,CUST000000084957,766277,1,2000000195520,1,INR,3035,12%,133,app,
2025-11-18,2025-11-18 14:27:51,CUST000000062729,766278,1,2000000471884,1,INR,746,12%,80,web,
2025-11-18,2025-11-18 14:27:51,CUST000000062729,766278,2,2000000292847,1,INR,2634,14%,272,web,
2025-11-18,2025-11-18 14:27:51,CUST000000062729,766278,3,2000000137193,1,INR,19993,20%,2891,web,
2025-11-18,2025-11-18 14:27:51,CUST000000062729,766278,4,2000000285344,1,INR,4435,18%,439,web,
2025-11-18,2025-11-18 06:19:19,CUST000000077690,766279,1,2000000070315,1,INR,2260,6%,106,app,NEW10
2025-11-18,2025-11-18 06:19:19,CUST000000077690,766279,2,2000000004044,1,INR,18487,15%,1887,app,NEW10
2025-11-18,2025-11-18 14:48:25,CUST000000040768,766280,1,2000000141077,Two,INR,910,12%,192,web,
2025-11-18,2025-11-18 19:35:05,CUST000000274222,766281,1,2000000070940,1,AED,38,0%,2,web,FEST20
2025-11-18,2025-11-18 19:35:05,CUST000000274222,766281,2,2000000299228,Two,AED,96,8%,9,web,FEST20
2025-11-18,2025-11-18 20:06:40,CUST000000238806,766282,1,2000000397481,Two,INR,3078,6%,291,web,
2025-11-18,2025-11-18 20:06:40,CUST000000238806,766282,2,2000000336480,1,INR,267,13%,28,web,
2025-11-18,2025-11-18 17:01:17,CUST000000218681,766283,1,2000000277912,4,AUD,29,6%,20,app,
2025-11-18,2025-11-18 17:01:17,CUST000000218681,766283,2,2000000022529,1,AUD,23,13%,2,app,
2025-11-18,2025-11-18 12:31:12,CUST000000267744,766284,1,2000000273693,3,AED,233,9%,115,app,
2025-11-18,2025-11-18 12:31:12,CUST000000267744,766284,2,2000000447094,1,AED,591,14%,92,app,
2025-11-18,2025-11-18 16:40:11,CUST000000288590,766285,1,2000000376059,1,GBP,149,12%,7,app,
2025-11-18,2025-11-18 21:56:14,CUST000000239623,766286,1,2000000136875,1,INR,691,8%,115,web,
2025-11-18,2025-11-18 21:56:14,CUST000000239623,766286,2,2000000248097,Two,INR,59525,21%,4718,web,
2025-11-18,2025-11-18 05:44:58,CUST000000080128,766287,1,2000000472133,1,USD,$29,0%,4,web,FEST20
2025-11-18,2025-11-18 08:53:22,CUST000000292638,766288,1,2000000237169,4,CAD,601,14%,248,app,
2025-11-18,2025-11-18 23:47:21,CUST000000211205,766289,1,2000000115641,1,INR,1546,0%,186,app,
2025-11-18,2025-11-18 23:41:22,CUST000000052592,766290,1,2000000338590,1,GBP,17,0%,4,app,
2025-11-18,2025-11-18 04:29:40,CUST000000067284,766291,1,2000000422138,1,INR,1613,16%,245,web,
2025-11-18,2025-11-18 04:29:40,CUST000000067284,766291,2,2000000484938,1,INR,7317,19%,1071,web,
2025-11-18,2025-11-18 04:12:23,CUST000000108445,766292,1,2000000011943,Two,INR,6606,0%,661,web,
2025-11-18,2025-11-18 23:26:18,CUST000000222289,766293,1,2000000441269,1,INR,846,14%,88,app,SAVE50
2025-11-18,2025-11-18 23:26:18,CUST000000222289,766293,2,2000000033624,1,INR,2537,7%,424,app,SAVE50
2025-11-18,2025-11-18 23:26:18,CUST000000222289,766293,3,2000000033594,Two,INR,2259,21%,644,app,SAVE50
2025-11-18,2025-11-18 16:14:36,CUST000000033005,766294,1,2000000407760,1,INR,3832,11%,618,web,
2025-11-18,2025-11-18 16:14:36,CUST000000033005,766294,2,2000000010076,1,INR,1676,10%,76,web,
2025-11-18,2025-11-18 14:16:49,CUST000000236953,766295,1,2000000280752,Two,INR,1824,0%,438,web,PRIME5
2025-11-18,2025-11-18 16:24:25,CUST000000213644,766296,1,2000000190907,1,CAD,1381,16%,59,app,PRIME5
2025-11-18,2025-11-18 18:55:56,CUST000000148749,766297,1,2000000284743,1,GBP,74,1%,4,app,
2025-11-18,2025-11-18 15:07:43,CUST000000035501,766298,1,2000000239651,1,INR,3530,8%,586,app,
2025-11-18,2025-11-18 15:07:43,CUST000000035501,766298,2,2000000230344,1,INR,1102,0%,56,app,
2025-11-18,2025-11-18 15:07:43,CUST000000035501,766298,3,2000000328249,1,INR,8637,16%,362,app,
2025-11-18,2025-11-18 12:00:37,CUST000000291018,766299,1,2000000242385,1,USD,$175,2%,9,web,
2025-11-18,2025-11-18 16:45:51,CUST000000239819,766300,1,2000000276830,1,INR,8142,4%,935,app,
2025-11-18,2025-11-18 16:45:51,CUST000000239819,766300,2,2000000018904,1,INR,8452,5%,965,app,
2025-11-18,2025-11-18 16:45:51,CUST000000239819,766300,3,2000000177120,Two,INR,4003,15%,817,app,
2025-11-18,2025-11-18 16:45:51,CUST000000239819,766300,4,2000000421919,1,INR,1255,21%,120,app,
2025-11-18,2025-11-18 02:28:38,CUST000000025681,766301,1,2000000208480,Two,INR,452,5%,43,app,
2025-11-18,2025-11-18 02:28:38,CUST000000025681,766301,2,2000000385587,1,INR,23672,10%,2563,app,
2025-11-18,2025-11-18 04:08:56,CUST000000253788,766302,1,2000000102627,Two,INR,10526,18%,2077,app,NEW10
2025-11-18,2025-11-18 11:15:37,CUST000000047344,766303,1,2000000022093,Two,INR,13119,5%,2976,app,
2025-11-18,2025-11-18 11:15:37,CUST000000047344,766303,2,2000000466019,Two,INR,516,16%,105,app,
2025-11-18,2025-11-18 16:03:54,CUST000000265569,766304,1,2000000314099,1,INR,4947,0%,891,web,SAVE50
2025-11-18,2025-11-18 20:23:35,CUST000000190487,766305,1,2000000380803,1,INR,3848,9%,422,app,
2025-11-18,2025-11-18 10:16:35,CUST000000021877,766306,1,2000000133416,1,SGD,68,19%,7,web,SAVE50
2025-11-18,2025-11-18 10:16:35,CUST000000021877,766306,2,2000000144481,1,SGD,53,10%,3,web,SAVE50
2025-11-18,2025-11-18 16:08:21,CUST000000169534,766307,1,2000000346366,Two,AED,209,9%,19,app,
2025-11-18,2025-11-18 16:08:21,CUST000000169534,766307,2,2000000213279,1,AED,76,16%,8,app,
2025-11-18,2025-11-18 04:14:40,CUST000000016338,766308,1,2000000193830,1,INR,332,21%,32,app,
2025-11-18,2025-11-18 04:14:40,CUST000000016338,766308,2,2000000273044,1,INR,6442,11%,692,app,
2025-11-18,2025-11-18 04:14:40,CUST000000016338,766308,3,2000000013985,Two,INR,27881,16%,8385,app,
2025-11-18,2025-11-18 19:09:54,CUST000000182430,766309,1,2000000196244,1,INR,7796,7%,871,app,NEW10
2025-11-18,2025-11-18 10:46:29,CUST000000066753,766310,1,2000000234359,1,USD,$103,9%,5,web,
2025-11-18,2025-11-18 10:46:29,CUST000000066753,766310,2,2000000074672,1,USD,$15,12%,2,web,
2025-11-18,2025-11-18 01:20:21,CUST000000221053,766311,1,2000000146812,Two,AED,103,6%,10,app,PRIME5
2025-11-18,2025-11-18 11:39:00,CUST000000087561,766312,1,2000000275994,1,USD,$6,0%,1,web,
2025-11-18,2025-11-18 11:39:00,CUST000000087561,766312,2,2000000290614,1,USD,$79,11%,4,web,
2025-11-18,2025-11-18 11:39:00,CUST000000087561,766312,3,2000000114392,1,USD,$16,13%,2,web,
2025-11-18,2025-11-18 11:39:00,CUST000000087561,766312,4,2000000124728,Two,USD,$26,10%,6,web,
2025-11-18,2025-11-18 15:44:58,CUST000000199767,766313,1,2000000158617,Two,USD,$18,13%,6,app,
2025-11-18,2025-11-18 15:44:58,CUST000000199767,766313,2,2000000040202,1,USD,$24,0%,3,app,
2025-11-18,2025-11-18 22:15:48,CUST000000002516,766314,1,2000000268248,1,INR,575,32%,48,app,FEST20
2025-11-18,2025-11-18 09:28:20,CUST000000299572,766315,1,2000000004839,1,INR,641,0%,77,web,
2025-11-18,2025-11-18 09:28:20,CUST000000299572,766315,2,2000000094137,Two,INR,4929,18%,975,web,
2025-11-18,2025-11-18 06:44:11,CUST000000059892,766316,1,2000000101231,Two,GBP,13,12%,3,app,
2025-11-18,2025-11-18 13:11:06,CUST000000186857,766317,1,2000000280004,1,INR,537,10%,58,web,
2025-11-18,2025-11-18 13:11:06,CUST000000186857,766317,2,2000000331812,1,INR,4772,22%,668,web,
2025-11-18,2025-11-18 03:46:39,CUST000000278283,766318,1,2000000293455,Two,INR,1846,3%,179,web,
2025-11-18,2025-11-18 12:11:44,CUST000000150703,766319,1,2000000247151,1,INR,18936,4%,2189,app,FEST20
2025-11-18,2025-11-18 12:11:44,CUST000000150703,766319,2,2000000040288,1,INR,1031,5%,50,app,FEST20
2025-11-18,2025-11-18 01:48:45,CUST000000238880,766320,1,2000000315102,1,INR,1511,0%,182,app,
2025-11-18,2025-11-18 07:37:16,CUST000000131542,766321,1,2000000360140,1,GBP,41,0%,8,app,
2025-11-18,2025-11-18 11:37:45,CUST000000033675,766322,1,2000000472614,1,INR,970,12%,43,app,
2025-11-18,2025-11-18 11:37:45,CUST000000033675,766322,2,2000000433356,1,INR,1155,10%,126,app,
2025-11-18,2025-11-18 11:37:45,CUST000000033675,766322,3,2000000052342,1,INR,2370,14%,246,app,
2025-11-18,2025-11-18 18:20:15,CUST000000055395,766323,1,2000000105260,1,INR,48413,0%,5810,web,PRIME5
2025-11-18,2025-11-18 18:20:15,CUST000000055395,766323,2,2000000122281,1,INR,8402,0%,1009,web,PRIME5
2025-11-18,2025-11-18 16:44:19,CUST000000171384,766324,1,2000000286099,Two,INR,25196,18%,2059,web,FEST20
2025-11-18,2025-11-18 20:39:16,CUST000000241905,766325,1,2000000129754,1,GBP,377,11%,17,web,FEST20
2025-11-18,2025-11-18 20:39:16,CUST000000241905,766325,2,2000000351537,Two,GBP,400,16%,81,web,FEST20
2025-11-18,2025-11-18 20:39:16,CUST000000241905,766325,3,2000000337906,1,GBP,42,18%,2,web,FEST20
2025-11-18,2025-11-18 20:23:42,CUST000000209403,766326,1,2000000201214,3,INR,608,5%,88,web,FEST20
2025-11-18,2025-11-18 20:23:42,CUST000000209403,766326,2,2000000266862,1,INR,222,9%,25,web,FEST20
2025-11-18,2025-11-18 11:45:51,CUST000000146018,766327,1,2000000257860,1,SGD,7,14%,1,web,
2025-11-18,2025-11-18 02:15:56,CUST000000088280,766328,1,2000000394565,3,INR,900,1%,134,app,PRIME5
2025-11-18,2025-11-18 22:22:55,CUST000000176292,766329,1,2000000393438,1,AED,272,10%,30,web,SAVE50
2025-11-18,2025-11-18 21:50:26,CUST000000082567,766330,1,2000000340562,Two,AED,357,10%,33,web,NEW10
2025-11-18,2025-11-18 21:50:26,CUST000000082567,766330,2,2000000423890,1,AED,280,20%,41,web,NEW10
2025-11-18,2025-11-18 04:02:23,CUST000000065076,766331,1,2000000269481,1,INR,352,0%,43,web,
2025-11-18,2025-11-18 04:02:23,CUST000000065076,766331,2,2000000345031,3,INR,2795,9%,1377,web,
2025-11-18,2025-11-18 23:46:27,CUST000000206721,766332,1,2000000465715,1,INR,26348,22%,2454,web,
2025-11-18,2025-11-18 20:12:47,CUST000000062491,766333,1,2000000135380,1,CAD,52,8%,9,web,
2025-11-18,2025-11-18 21:48:34,CUST000000251033,766334,1,2000000391410,Two,AUD,37,12%,4,app,NEW10
2025-11-18,2025-11-18 21:48:34,CUST000000251033,766334,2,2000000127439,Two,AUD,123,9%,41,app,NEW10
2025-11-18,2025-11-18 00:39:40,CUST000000067283,766335,1,2000000424156,1,INR,1580,15%,244,web,PRIME5
2025-11-18,2025-11-18 00:39:40,CUST000000067283,766335,2,2000000499147,Two,INR,553,15%,113,web,PRIME5
2025-11-18,2025-11-18 07:34:20,CUST000000025451,766336,1,2000000331539,1,INR,9187,11%,408,app,
2025-11-18,2025-11-18 07:19:08,CUST000000142886,766337,1,2000000385938,Two,INR,13114,28%,2282,web,
2025-11-18,2025-11-18 02:59:13,CUST000000288412,766338,1,2000000011400,1,INR,4700,12%,748,web,FEST20
2025-11-18,2025-11-18 08:28:20,CUST000000208217,766339,1,2000000355245,1,INR,669,0%,34,web,FEST20
2025-11-18,2025-11-18 15:19:46,CUST000000057203,766340,1,2000000130644,3,GBP,18,0%,3,web,
2025-11-18,2025-11-18 15:19:46,CUST000000057203,766340,2,2000000164465,1,GBP,324,7%,37,web,
2025-11-18,2025-11-18 07:16:35,CUST000000244685,766341,1,2000000035079,3,INR,705,0%,255,app,PRIME5
2025-11-18,2025-11-18 03:54:57,CUST000000124809,766342,1,2000000073149,Two,INR,1542,13%,134,app,
2025-11-18,2025-11-18 14:57:15,CUST000000046466,766343,1,2000000368122,1,GBP,6,20%,1,app,
2025-11-18,2025-11-18 14:03:24,CUST000000056892,766344,1,2000000034270,1,INR,10979,19%,1601,web,FEST20
2025-11-18,2025-11-18 14:03:24,CUST000000056892,766344,2,2000000041773,1,INR,8774,11%,933,web,FEST20
2025-11-18,2025-11-18 14:03:24,CUST000000056892,766344,3,2000000043975,3,INR,147,0%,80,web,FEST20
2025-11-18,2025-11-18 14:03:24,CUST000000056892,766344,4,2000000222912,Two,INR,2118,5%,727,web,FEST20
2025-11-18,2025-11-18 06:53:30,CUST000000297145,766345,1,2000000178141,1,USD,$58,9%,3,app,NEW10
2025-11-18,2025-11-18 06:53:30,CUST000000297145,766345,2,2000000443430,1,USD,$551,13%,87,app,NEW10
2025-11-18,2025-11-18 02:59:57,CUST000000057610,766346,1,2000000223278,4,INR,1799,12%,759,app,
2025-11-18,2025-11-18 12:05:28,CUST000000060761,766347,1,2000000188621,1,AED,4763,12%,505,web,PRIME5
2025-11-18,2025-11-18 05:41:44,CUST000000030375,766348,1,2000000384832,1,INR,759,2%,89,app,
2025-11-18,2025-11-18 07:35:28,CUST000000038181,766349,1,2000000233093,1,USD,$1172,0%,212,app,
2025-11-18,2025-11-18 07:25:28,CUST000000222349,766350,1,2000000195599,1,CAD,12,6%,1,web,FEST20
2025-11-18,2025-11-18 20:18:25,CUST000000095626,766351,1,2000000344997,1,INR,1098,7%,51,app,FEST20
2025-11-18,2025-11-18 20:18:25,CUST000000095626,766351,2,2000000321288,Two,INR,3172,0%,1143,app,FEST20
2025-11-18,2025-11-18 20:18:25,CUST000000095626,766351,3,2000000148311,1,INR,1478,15%,64,app,FEST20
2025-11-18,2025-11-18 09:06:36,CUST000000260785,766352,1,2000000034713,1,INR,17949,7%,2012,app,
2025-11-18,2025-11-18 09:06:36,CUST000000260785,766352,2,2000000212630,1,INR,4216,15%,642,app,
2025-11-18,2025-11-18 09:06:36,CUST000000260785,766352,3,2000000025230,1,INR,34916,0%,4191,app,
2025-11-18,2025-11-18 02:16:49,CUST000000163037,766353,1,2000000491769,1,INR,925,3%,45,app,
2025-11-18,2025-11-18 11:50:10,CUST000000065599,766354,1,2000000041865,1,USD,$1159,14%,181,web,
2025-11-18,2025-11-18 06:45:05,CUST000000038176,766355,1,2000000268149,1,INR,274,8%,31,web,PRIME5
2025-11-18,2025-11-18 11:15:07,CUST000000214470,766356,1,2000000251752,Two,INR,15616,8%,3460,app,
2025-11-18,2025-11-18 11:15:07,CUST000000214470,766356,2,2000000491806,1,INR,943,4%,109,app,
2025-11-18,2025-11-18 12:44:25,CUST000000135032,766357,1,2000000338088,1,SGD,31,0%,4,app,PRIME5
2025-11-18,2025-11-18 16:03:17,CUST000000185222,766358,1,2000000000039,1,INR,39952,0%,1988,app,PRIME5
2025-11-18,2025-11-18 16:51:44,CUST000000267402,766359,1,2000000236094,1,USD,$76,7%,13,app,
2025-11-18,2025-11-18 16:51:44,CUST000000267402,766359,2,2000000266299,Two,USD,$34,8%,4,app,
2025-11-18,2025-11-18 16:51:44,CUST000000267402,766359,3,2000000467351,1,USD,$541,13%,24,app,
2025-11-18,2025-11-18 23:24:08,CUST000000008716,766360,1,2000000213712,Two,INR,532,20%,43,web,
2025-11-18,2025-11-18 15:15:06,CUST000000066173,766361,1,2000000272832,1,SGD,232,4%,12,app,FEST20
2025-11-18,2025-11-18 19:08:58,CUST000000032929,766362,1,2000000325910,1,USD,$148,15%,7,app,
2025-11-18,2025-11-18 18:22:45,CUST000000174604,766363,1,2000000452715,1,INR,1329,15%,57,web,FEST20
2025-11-18,2025-11-18 18:22:45,CUST000000174604,766363,2,2000000358819,1,INR,2087,2%,103,web,FEST20
2025-11-18,2025-11-18 06:34:09,CUST000000234309,766364,1,2000000053967,1,INR,839,0%,42,web,
2025-11-18,2025-11-18 23:29:39,CUST000000005965,766365,1,2000000149622,1,INR,1051,6%,50,app,FEST20
2025-11-18,2025-11-18 11:20:51,CUST000000142994,766366,1,2000000036755,Two,INR,776,15%,158,app,
2025-11-18,2025-11-18 11:20:51,CUST000000142994,766366,2,2000000407029,1,INR,5575,6%,264,app,
2025-11-18,2025-11-18 11:20:51,CUST000000142994,766366,3,2000000310718,Two,INR,616,7%,139,app,
2025-11-18,2025-11-18 11:20:51,CUST000000142994,766366,4,2000000064581,1,INR,3982,4%,458,app,
2025-11-18,2025-11-18 10:59:58,CUST000000096045,766367,1,2000000025513,1,INR,1420,12%,63,web,
2025-11-18,2025-11-18 00:20:22,CUST000000166542,766368,1,2000000094250,1,CAD,1440,4%,69,app,SAVE50
2025-11-18,2025-11-18 00:20:22,CUST000000166542,766368,2,2000000050263,3,CAD,43,13%,21,app,SAVE50
2025-11-18,2025-11-18 02:02:26,CUST000000031364,766369,1,2000000353418,1,INR,14567,11%,646,app,
2025-11-18,2025-11-18 04:11:00,CUST000000231393,766370,1,2000000289052,1,CAD,12,7%,2,web,NEW10
2025-11-18,2025-11-18 21:04:12,CUST000000031781,766371,1,2000000337722,3,INR,5843,10%,790,app,NEW10
2025-11-18,2025-11-18 18:28:53,CUST000000182791,766372,1,2000000381398,1,INR,80165,5%,9098,app,PRIME5
2025-11-18,2025-11-18 08:00:27,CUST000000015537,766373,1,2000000343495,1,GBP,25,22%,3,app,PRIME5
2025-11-18,2025-11-18 22:25:40,CUST000000108276,766374,1,2000000313757,1,GBP,8,0%,2,app,FEST20
2025-11-18,2025-11-18 22:25:40,CUST000000108276,766374,2,2000000157573,1,GBP,516,0%,93,app,FEST20
2025-11-18,2025-11-18 22:25:40,CUST000000108276,766374,3,2000000072098,1,GBP,651,7%,31,app,FEST20
2025-11-18,2025-11-18 11:12:45,CUST000000168239,766375,1,2000000371238,Two,SGD,9,16%,1,app,
2025-11-18,2025-11-18 11:12:45,CUST000000168239,766375,2,2000000061030,1,SGD,30,12%,2,app,
2025-11-18,2025-11-18 15:50:58,CUST000000105811,766376,1,2000000025230,1,INR,32202,1%,5731,web,
2025-11-18,2025-11-18 17:57:37,CUST000000025396,766377,1,2000000095882,1,USD,$198,4%,35,app,PRIME5
2025-11-18,2025-11-18 06:46:08,CUST000000113223,766378,1,2000000131689,1,SGD,18,7%,1,app,
2025-11-18,2025-11-18 06:34:49,CUST000000246257,766379,1,2000000458274,3,INR,4948,1%,1760,app,
2025-11-18,2025-11-18 14:34:24,CUST000000172912,766380,1,2000000168951,1,INR,82088,9%,8946,app,FEST20
2025-11-18,2025-11-18 14:34:24,CUST000000172912,766380,2,2000000277660,1,INR,96511,13%,4175,app,FEST20
2025-11-18,2025-11-18 14:34:24,CUST000000172912,766380,3,2000000316062,Two,INR,4418,5%,1004,app,FEST20
2025-11-18,2025-11-18 15:15:57,CUST000000225431,766381,1,2000000285368,1,INR,3471,2%,170,web,FEST20
2025-11-18,2025-11-18 15:15:57,CUST000000225431,766381,2,2000000160115,1,INR,6240,11%,279,web,FEST20
2025-11-18,2025-11-18 20:23:15,CUST000000097224,766382,1,2000000496191,1,CAD,89,16%,10,web,
2025-11-18,2025-11-18 20:23:15,CUST000000097224,766382,2,2000000215112,1,CAD,632,0%,76,web,
2025-11-18,2025-11-18 05:31:34,CUST000000225318,766383,1,2000000045818,1,GBP,35,8%,2,web,
2025-11-18,2025-11-18 05:31:34,CUST000000225318,766383,2,2000000232775,1,GBP,435,9%,20,web,
2025-11-18,2025-11-18 05:31:34,CUST000000225318,766383,3,2000000001470,1,GBP,19,2%,1,web,
2025-11-18,2025-11-18 00:34:11,CUST000000066892,766384,1,2000000214054,1,INR,2798,5%,319,app,FEST20
2025-11-18,2025-11-18 00:34:11,CUST000000066892,766384,2,2000000047690,1,INR,1365,3%,160,app,FEST20
2025-11-18,2025-11-18 00:34:11,CUST000000066892,766384,3,2000000117423,1,INR,461,9%,51,app,FEST20
2025-11-18,2025-11-18 01:03:59,CUST000000017674,766385,1,2000000275390,1,SGD,101,7%,12,app,
2025-11-18,2025-11-18 10:26:33,CUST000000279076,766386,1,2000000483610,1,INR,249,3%,13,web,
2025-11-18,2025-11-18 15:06:24,CUST000000102790,766387,1,2000000136530,Two,GBP,22,5%,6,web,
2025-11-18,2025-11-18 21:48:35,CUST000000106391,766388,1,2000000106670,1,AUD,172,14%,27,app,FEST20
2025-11-18,2025-11-18 01:36:33,CUST000000274800,766389,1,2000000031347,1,INR,7364,7%,821,app,FEST20
2025-11-18,2025-11-18 01:36:33,CUST000000274800,766389,2,2000000376165,1,INR,791,5%,136,app,FEST20
2025-11-18,2025-11-18 06:46:59,CUST000000009009,766390,1,2000000050201,1,AED,282,10%,31,app,
2025-11-18,2025-11-18 07:51:05,CUST000000244743,766391,1,2000000174600,1,AED,1563,4%,270,app,
2025-11-18,2025-11-18 01:32:42,CUST000000025573,766392,1,2000000424453,1,AED,124,1%,23,app,
2025-11-18,2025-11-18 01:32:42,CUST000000025573,766392,2,2000000458489,4,AED,82,0%,40,app,
2025-11-18,2025-11-18 11:20:14,CUST000000133953,766393,1,2000000037493,1,GBP,9,18%,2,app,PRIME5
2025-11-18,2025-11-18 01:31:53,CUST000000149690,766394,1,2000000413082,Two,USD,$12,13%,4,app,
2025-11-18,2025-11-18 01:31:53,CUST000000149690,766394,2,2000000491158,1,USD,$70,0%,4,app,
2025-11-18,2025-11-18 18:19:56,CUST000000175074,766395,1,2000000336145,1,CAD,198,6%,34,app,
2025-11-18,2025-11-18 00:51:01,CUST000000056866,766396,1,2000000102719,1,INR,719,17%,108,app,
2025-11-18,2025-11-18 00:51:01,CUST000000056866,766396,2,2000000106762,1,INR,20379,17%,849,app,
2025-11-18,2025-11-18 16:11:52,CUST000000159880,766397,1,2000000378640,1,INR,2445,3%,284,web,
2025-11-18,2025-11-18 22:20:07,CUST000000114178,766398,1,2000000423500,1,INR,1328,23%,124,web,FEST20
2025-11-18,2025-11-18 22:20:07,CUST000000114178,766398,2,2000000103518,Two,INR,730,1%,173,web,FEST20
2025-11-18,2025-11-18 22:20:07,CUST000000114178,766398,3,2000000438788,Two,INR,3325,18%,273,web,FEST20
2025-11-18,2025-11-18 22:20:07,CUST000000114178,766398,4,2000000311524,1,INR,50752,14%,7890,web,FEST20
2025-11-18,2025-11-18 12:58:16,CUST000000107564,766399,1,2000000079783,Two,INR,2202,10%,199,app,SAVE50
2025-11-18,2025-11-18 12:58:16,CUST000000107564,766399,2,2000000340104,1,INR,864,7%,41,app,SAVE50
2025-11-18,2025-11-18 06:00:10,CUST000000209570,766400,1,2000000388199,1,INR,90355,8%,9983,app,NEW10
2025-11-18,2025-11-18 06:00:10,CUST000000209570,766400,2,2000000085708,1,INR,4951,0%,595,app,NEW10
2025-11-18,2025-11-18 22:25:34,CUST000000246668,766401,1,2000000329697,1,INR,8403,9%,381,app,
2025-11-18,2025-11-18 08:15:32,CUST000000265430,766402,1,2000000398242,Two,GBP,27,9%,3,app,
2025-11-18,2025-11-18 08:15:32,CUST000000265430,766402,2,2000000037011,4,GBP,11,0%,3,app,
2025-11-18,2025-11-18 08:15:32,CUST000000265430,766402,3,2000000247274,Two,GBP,50,1%,12,app,
2025-11-18,2025-11-18 18:12:23,CUST000000048165,766403,1,2000000451008,Two,AED,58,0%,15,app,
2025-11-18,2025-11-18 18:12:23,CUST000000048165,766403,2,2000000349039,1,AED,96,22%,14,app,
2025-11-18,2025-11-18 23:58:01,CUST000000140741,766404,1,2000000097893,1,GBP,168,29%,6,web,
2025-11-18,2025-11-18 00:06:14,CUST000000280457,766405,1,2000000000824,Two,INR,6898,8%,2289,web,
2025-11-18,2025-11-18 09:40:48,CUST000000258065,766406,1,2000000215563,1,INR,737,13%,77,web,
2025-11-18,2025-11-18 12:32:29,CUST000000268877,766407,1,2000000198033,1,INR,977,6%,111,web,FEST20
2025-11-18,2025-11-18 12:32:29,CUST000000268877,766407,2,2000000228716,1,INR,63583,0%,7631,web,FEST20
2025-11-18,2025-11-18 12:32:29,CUST000000268877,766407,3,2000000391366,1,INR,771,15%,79,web,FEST20
2025-11-18,2025-11-18 07:33:47,CUST000000271198,766408,1,2000000390635,1,INR,89019,18%,8742,web,
2025-11-18,2025-11-18 07:33:47,CUST000000271198,766408,2,2000000164267,1,INR,2814,9%,462,web,
2025-11-18,2025-11-18 07:33:47,CUST000000271198,766408,3,2000000014227,3,INR,6222,4%,2148,web,
2025-11-18,2025-11-18 07:33:47,CUST000000271198,766408,4,2000000376721,1,INR,2961,0%,149,web,
2025-11-18,2025-11-18 21:48:33,CUST000000109222,766409,1,2000000246277,1,INR,234,17%,24,web,
2025-11-18,2025-11-18 09:24:25,CUST000000297546,766410,1,2000000318011,1,INR,30609,15%,3111,web,
2025-11-18,2025-11-18 09:24:25,CUST000000297546,766410,2,2000000120485,1,INR,27408,12%,2907,web,
2025-11-18,2025-11-18 00:39:04,CUST000000042307,766411,1,2000000050508,1,CAD,100,0%,13,app,
2025-11-18,2025-11-18 00:39:04,CUST000000042307,766411,2,2000000471280,1,CAD,33,0%,7,app,
2025-11-18,2025-11-18 04:46:14,CUST000000205461,766412,1,2000000174044,1,GBP,97,3%,5,app,FEST20
2025-11-18,2025-11-18 01:05:09,CUST000000108617,766413,1,2000000060309,1,AED,146,12%,16,web,PRIME5
2025-11-18,2025-11-18 19:07:13,CUST000000270410,766414,1,2000000287355,1,GBP,26,15%,2,web,
2025-11-18,2025-11-18 19:07:13,CUST000000270410,766414,2,2000000374772,1,GBP,10,7%,1,web,
2025-11-18,2025-11-18 19:34:12,CUST000000138534,766415,1,2000000013565,1,USD,$17,2%,3,web,
2025-11-18,2025-11-18 19:49:19,CUST000000006459,766416,1,2000000346489,Two,INR,589,0%,59,app,
2025-11-18,2025-11-18 19:49:19,CUST000000006459,766416,2,2000000015927,1,INR,915,9%,150,app,
2025-11-18,2025-11-18 19:49:19,CUST000000006459,766416,3,2000000100364,1,INR,640,13%,67,app,
2025-11-18,2025-11-18 00:05:53,CUST000000295094,766417,1,2000000300634,1,INR,1146,0%,207,app,
2025-11-18,2025-11-18 06:38:31,CUST000000181238,766418,1,2000000471488,Two,INR,639,10%,58,web,
2025-11-18,2025-11-18 06:38:31,CUST000000181238,766418,2,2000000475905,1,INR,16815,13%,2642,web,
2025-11-18,2025-11-18 06:38:31,CUST000000181238,766418,3,2000000055282,1,INR,35248,20%,3378,web,
2025-11-18,2025-11-18 06:38:31,CUST000000181238,766418,4,2000000368160,1,INR,570,14%,59,web,
2025-11-18,2025-11-18 04:47:31,CUST000000019116,766419,1,2000000433271,1,AED,290,2%,35,app,
2025-11-18,2025-11-18 04:47:31,CUST000000019116,766419,2,2000000195322,1,AED,100,0%,19,app,
2025-11-18,2025-11-18 04:47:31,CUST000000019116,766419,3,2000000316727,3,AED,60,5%,21,app,
2025-11-18,2025-11-18 19:22:30,CUST000000111416,766420,1,2000000421766,Two,INR,2539,1%,602,web,PRIME5
2025-11-18,2025-11-18 19:22:30,CUST000000111416,766420,2,2000000453767,Two,INR,492,0%,50,web,PRIME5
2025-11-18,2025-11-18 07:22:53,CUST000000174001,766421,1,2000000445779,1,INR,1198,8%,133,web,
2025-11-18,2025-11-18 14:22:23,CUST000000242179,766422,1,2000000424569,1,INR,556,7%,26,app,SAVE50
2025-11-18,2025-11-18 14:22:23,CUST000000242179,766422,2,2000000066721,1,INR,3739,20%,359,app,SAVE50
2025-11-18,2025-11-18 14:22:23,CUST000000242179,766422,3,2000000492155,1,INR,89355,0%,10723,app,SAVE50
2025-11-18,2025-11-18 11:20:22,CUST000000080214,766423,1,2000000405353,1,CAD,407,7%,19,app,
2025-11-18,2025-11-18 08:27:46,CUST000000013049,766424,1,2000000142210,1,GBP,10,8%,1,app,
2025-11-18,2025-11-18 08:27:46,CUST000000013049,766424,2,2000000134529,Two,GBP,50,16%,11,app,
2025-11-18,2025-11-18 08:27:46,CUST000000013049,766424,3,2000000240671,1,GBP,26,7%,5,app,
2025-11-18,2025-11-18 14:52:12,CUST000000036846,766425,1,2000000011066,1,INR,1976,6%,225,app,FEST20
2025-11-18,2025-11-18 14:52:12,CUST000000036846,766425,2,2000000031156,Two,INR,4801,0%,481,app,FEST20
2025-11-18,2025-11-18 09:01:36,CUST000000101569,766426,1,2000000065649,1,INR,847,3%,149,app,NEW10
2025-11-18,2025-11-18 09:25:09,CUST000000145974,766427,1,2000000350530,Two,INR,2102,0%,505,app,PRIME5
2025-11-18,2025-11-18 09:25:09,CUST000000145974,766427,2,2000000155739,1,INR,11431,13%,1193,app,PRIME5
2025-11-18,2025-11-18 08:41:40,CUST000000025279,766428,1,2000000004280,4,INR,29332,0%,21120,web,FEST20
2025-11-18,2025-11-18 01:28:11,CUST000000043604,766429,1,2000000489452,1,INR,41200,7%,6928,app,
2025-11-18,2025-11-18 10:40:56,CUST000000194586,766430,1,2000000206424,1,INR,723,12%,115,web,
2025-11-18,2025-11-18 16:27:47,CUST000000152054,766431,1,2000000131887,1,AED,24,14%,3,web,
2025-11-18,2025-11-18 16:27:47,CUST000000152054,766431,2,2000000034478,1,AED,278,22%,40,web,
2025-11-18,2025-11-18 19:09:12,CUST000000246607,766432,1,2000000353838,Two,INR,872,0%,209,app,
2025-11-18,2025-11-18 19:09:12,CUST000000246607,766432,2,2000000061085,1,INR,467,16%,20,app,
2025-11-18,2025-11-18 19:09:12,CUST000000246607,766432,3,2000000252278,1,INR,1433,23%,56,app,
2025-11-18,2025-11-18 19:09:12,CUST000000246607,766432,4,2000000127323,1,INR,1967,1%,233,app,
2025-11-18,2025-11-18 23:47:59,CUST000000133945,766433,1,2000000073767,1,GBP,72,16%,8,web,
2025-11-18,2025-11-18 23:47:59,CUST000000133945,766433,2,2000000394527,1,GBP,94,16%,10,web,
2025-11-18,2025-11-18 23:43:34,CUST000000292706,766434,1,2000000268132,1,AED,657,4%,76,app,
2025-11-18,2025-11-18 19:37:17,CUST000000272046,766435,1,2000000451626,1,INR,7463,4%,864,app,
2025-11-18,2025-11-18 19:37:17,CUST000000272046,766435,2,2000000310138,1,INR,4663,23%,179,app,
2025-11-18,2025-11-18 02:47:11,CUST000000000723,766436,1,2000000008516,Two,SGD,91,24%,17,web,
2025-11-18,2025-11-18 02:47:11,CUST000000000723,766436,2,2000000222622,Two,SGD,24,19%,8,web,
2025-11-18,2025-11-18 02:47:11,CUST000000000723,766436,3,2000000430508,1,SGD,86,7%,15,web,
2025-11-18,2025-11-18 15:27:39,CUST000000164443,766437,1,2000000025445,1,USD,$525,11%,57,web,
2025-11-18,2025-11-18 14:26:14,CUST000000041946,766438,1,2000000251738,Two,USD,$26,10%,6,app,PRIME5
2025-11-18,2025-11-18 14:26:14,CUST000000041946,766438,2,2000000204352,1,USD,$185,17%,8,app,PRIME5
2025-11-18,2025-11-18 14:26:14,CUST000000041946,766438,3,2000000139067,1,USD,$47,1%,3,app,PRIME5
2025-11-18,2025-11-18 14:35:32,CUST000000060605,766439,1,2000000025698,Two,SGD,34,1%,4,app,
2025-11-18,2025-11-18 14:35:32,CUST000000060605,766439,2,2000000192789,1,SGD,182,23%,17,app,
2025-11-18,2025-11-18 10:47:29,CUST000000010926,766440,1,2000000415635,1,INR,93841,2%,4616,app,
2025-11-18,2025-11-18 10:47:29,CUST000000010926,766440,2,2000000352244,Two,INR,2553,0%,613,app,
2025-11-18,2025-11-18 10:47:29,CUST000000010926,766440,3,2000000027128,1,INR,13011,22%,1828,app,
2025-11-18,2025-11-18 22:25:29,CUST000000080522,766441,1,2000000064116,1,AED,3530,17%,529,app,
2025-11-18,2025-11-18 18:49:45,CUST000000076532,766442,1,2000000273198,1,INR,3342,6%,158,app,
2025-11-18,2025-11-18 18:49:45,CUST000000076532,766442,2,2000000017211,1,INR,1227,0%,147,app,
2025-11-18,2025-11-18 18:02:23,CUST000000033214,766443,1,2000000238036,Two,INR,14942,13%,1302,app,FEST20
2025-11-18,2025-11-18 18:02:23,CUST000000033214,766443,2,2000000450179,1,INR,1263,9%,58,app,FEST20
2025-11-18,2025-11-18 04:47:23,CUST000000070961,766444,1,2000000458113,1,INR,1002,10%,109,app,
2025-11-18,2025-11-18 17:27:56,CUST000000092233,766445,1,2000000263014,1,USD,$84,24%,8,app,
2025-11-18,2025-11-18 17:27:56,CUST000000092233,766445,2,2000000230924,1,USD,$241,12%,26,app,
2025-11-18,2025-11-18 17:27:56,CUST000000092233,766445,3,2000000380162,Two,USD,$49,7%,5,app,
2025-11-18,2025-11-18 08:00:00,CUST000000059292,766446,1,2000000291994,1,INR,18440,23%,710,web,
2025-11-18,2025-11-18 21:40:27,CUST000000202390,766447,1,2000000316277,Two,GBP,13,15%,3,app,
2025-11-18,2025-11-18 12:04:50,CUST000000068458,766448,1,2000000347707,Two,USD,$1197,1%,284,web,
2025-11-18,2025-11-18 12:04:50,CUST000000068458,766448,2,2000000013503,Two,USD,$730,17%,61,web,
2025-11-18,2025-11-18 12:04:50,CUST000000068458,766448,3,2000000410388,1,USD,$31,24%,3,web,
2025-11-18,2025-11-18 12:04:50,CUST000000068458,766448,4,2000000108667,1,USD,$27,0%,4,web,
2025-11-18,2025-11-18 17:25:23,CUST000000032217,766449,1,2000000256214,1,GBP,19,10%,3,app,
2025-11-18,2025-11-18 17:25:23,CUST000000032217,766449,2,2000000138213,1,GBP,32,25%,2,app,
2025-11-18,2025-11-18 17:25:23,CUST000000032217,766449,3,2000000462608,1,GBP,16,19%,1,app,
2025-11-18,2025-11-18 17:25:23,CUST000000032217,766449,4,2000000264400,1,GBP,504,17%,21,app,
2025-11-18,2025-11-18 16:33:15,CUST000000281572,766450,1,2000000476308,Two,INR,2220,15%,456,app,PRIME5
2025-11-18,2025-11-18 15:13:50,CUST000000005963,766451,1,2000000337722,1,INR,5032,13%,784,app,
2025-11-18,2025-11-18 15:13:50,CUST000000005963,766451,2,2000000493428,1,INR,1104,0%,56,app,
2025-11-18,2025-11-18 07:16:43,CUST000000211548,766452,1,2000000296951,1,INR,1326,0%,160,app,
2025-11-18,2025-11-18 13:57:52,CUST000000019488,766453,1,2000000038292,Two,INR,21863,9%,4783,app,FEST20
2025-11-18,2025-11-18 13:57:52,CUST000000019488,766453,2,2000000067643,1,INR,411,14%,18,app,FEST20
2025-11-18,2025-11-18 13:57:52,CUST000000019488,766453,3,2000000322254,3,INR,44523,10%,5999,app,FEST20
2025-11-18,2025-11-18 13:57:52,CUST000000019488,766453,4,2000000098029,Two,INR,550,20%,107,app,FEST20
2025-11-18,2025-11-18 20:28:21,CUST000000214399,766454,1,2000000227184,1,USD,$173,0%,21,app,PRIME5
2025-11-18,2025-11-18 18:41:36,CUST000000075615,766455,1,2000000449012,1,INR,3681,3%,427,app,
2025-11-18,2025-11-18 08:13:03,CUST000000064652,766456,1,2000000042121,3,AUD,17,2%,3,web,
2025-11-18,2025-11-18 08:13:03,CUST000000064652,766456,2,2000000136035,1,AUD,23,17%,3,web,
2025-11-18,2025-11-18 08:13:03,CUST000000064652,766456,3,2000000453569,1,AUD,6,0%,1,web,
2025-11-18,2025-11-18 09:30:03,CUST000000080516,766457,1,2000000386195,Two,INR,68061,11%,21871,web,
2025-11-18,2025-11-18 01:46:17,CUST000000062736,766458,1,2000000474335,1,SGD,204,12%,9,web,
2025-11-18,2025-11-18 01:46:17,CUST000000062736,766458,2,2000000262864,Two,SGD,157,0%,57,web,
2025-11-18,2025-11-18 17:43:01,CUST000000120633,766459,1,2000000496627,1,INR,1340,0%,161,web,
2025-11-18,2025-11-18 14:23:10,CUST000000294019,766460,1,2000000276687,1,SGD,42,12%,5,web,
2025-11-18,2025-11-18 14:23:10,CUST000000294019,766460,2,2000000469676,1,SGD,17,6%,3,web,
2025-11-18,2025-11-18 14:23:10,CUST000000294019,766460,3,2000000231129,1,SGD,17,6%,3,web,
2025-11-18,2025-11-18 14:31:15,CUST000000080149,766461,1,2000000005287,1,INR,35981,16%,1513,app,
2025-11-18,2025-11-18 14:31:15,CUST000000080149,766461,2,2000000115542,Two,INR,9041,7%,839,app,
2025-11-18,2025-11-18 14:31:15,CUST000000080149,766461,3,2000000202471,1,INR,32145,11%,3438,app,
2025-11-18,2025-11-18 14:31:15,CUST000000080149,766461,4,2000000433622,1,INR,6841,0%,1232,app,
2025-11-18,2025-11-18 14:31:15,CUST000000080149,766461,5,2000000171753,1,INR,847,10%,38,app,
2025-11-18,2025-11-18 12:52:53,CUST000000223632,766462,1,2000000333304,1,INR,2017,15%,207,web,
2025-11-18,2025-11-18 12:52:53,CUST000000223632,766462,2,2000000188072,3,INR,1417,9%,466,web,
2025-11-18,2025-11-18 09:25:25,CUST000000047484,766463,1,2000000178981,1,INR,2674,5%,306,app,
2025-11-18,2025-11-18 17:05:05,CUST000000174669,766464,1,2000000033785,1,AED,569,5%,65,app,
2025-11-18,2025-11-18 01:16:30,CUST000000175073,766465,1,2000000343198,1,INR,1941,5%,223,app,
2025-11-18,2025-11-18 01:16:30,CUST000000175073,766465,2,2000000289885,1,INR,2788,6%,314,app,
2025-11-18,2025-11-18 01:16:30,CUST000000175073,766465,3,2000000221106,1,INR,1480,14%,153,app,
2025-11-18,2025-11-18 01:16:30,CUST000000175073,766465,4,2000000075518,1,INR,1609,2%,80,app,
2025-11-18,2025-11-18 01:16:30,CUST000000175073,766465,5,2000000497105,1,INR,4047,6%,459,app,
2025-11-18,2025-11-18 12:43:02,CUST000000199790,766466,1,2000000107523,1,CAD,12,3%,2,app,
2025-11-18,2025-11-18 05:07:02,CUST000000069988,766467,1,2000000358116,3,INR,41829,14%,5397,web,FEST20
2025-11-18,2025-11-18 04:14:56,CUST000000199448,766468,1,2000000341224,1,USD,$14,5%,3,web,
2025-11-18,2025-11-18 04:14:56,CUST000000199448,766468,2,2000000461090,Two,USD,$15,7%,4,web,
2025-11-18,2025-11-18 04:14:56,CUST000000199448,766468,3,2000000285801,Two,USD,$126,4%,30,web,
2025-11-18,2025-11-18 04:14:56,CUST000000199448,766468,4,2000000326733,1,USD,$90,5%,16,web,
2025-11-18,2025-11-18 15:31:31,CUST000000041321,766469,1,2000000401751,1,AUD,233,10%,11,web,FEST20
2025-11-18,2025-11-18 15:31:31,CUST000000041321,766469,2,2000000188232,3,AUD,33,19%,5,web,FEST20
2025-11-18,2025-11-18 07:39:13,CUST000000192638,766470,1,2000000029153,3,INR,832,21%,238,app,
2025-11-18,2025-11-18 07:39:13,CUST000000192638,766470,2,2000000296012,Two,INR,1018,11%,218,app,
2025-11-18,2025-11-18 07:39:13,CUST000000192638,766470,3,2000000131900,1,INR,12844,0%,1542,app,
2025-11-18,2025-11-18 07:39:13,CUST000000192638,766470,4,2000000323336,1,INR,4634,31%,159,app,
2025-11-18,2025-11-18 13:01:12,CUST000000126318,766471,1,2000000269245,1,CAD,14,11%,2,app,PRIME5
2025-11-18,2025-11-18 04:07:52,CUST000000239083,766472,1,2000000359045,1,INR,668,7%,112,web,
2025-11-18,2025-11-18 17:55:34,CUST000000019386,766473,1,2000000393681,Two,INR,574,12%,122,web,
2025-11-18,2025-11-18 17:55:34,CUST000000019386,766473,2,2000000407005,Two,INR,997,10%,215,web,
2025-11-18,2025-11-18 02:55:12,CUST000000119963,766474,1,2000000327198,1,INR,278,8%,13,app,
2025-11-18,2025-11-18 05:13:33,CUST000000047095,766475,1,2000000049281,1,INR,2356,3%,115,web,
2025-11-18,2025-11-18 10:49:24,CUST000000160919,766476,1,2000000402024,1,AED,98,18%,10,app,
2025-11-18,2025-11-18 14:11:59,CUST000000092139,766477,1,2000000468488,1,INR,450,0%,23,app,
2025-11-18,2025-11-18 14:11:59,CUST000000092139,766477,2,2000000398778,Two,INR,7353,12%,1560,app,
2025-11-18,2025-11-18 16:56:16,CUST000000277966,766478,1,2000000085395,1,USD,$63,14%,3,web,
2025-11-18,2025-11-18 16:56:16,CUST000000277966,766478,2,2000000033839,1,USD,$1063,0%,54,web,
2025-11-18,2025-11-18 06:50:38,CUST000000137556,766479,1,2000000260488,1,GBP,479,5%,55,web,SAVE50
2025-11-18,2025-11-18 10:37:28,CUST000000239320,766480,1,2000000303048,Two,SGD,36,14%,12,app,
2025-11-18,2025-11-18 10:37:28,CUST000000239320,766480,2,2000000456294,Two,SGD,15,9%,4,app,
2025-11-18,2025-11-18 10:37:28,CUST000000239320,766480,3,2000000175225,1,SGD,856,22%,120,app,
2025-11-18,2025-11-18 08:09:02,CUST000000236103,766481,1,2000000047317,1,INR,4030,9%,439,app,
2025-11-18,2025-11-18 11:22:51,CUST000000281974,766482,1,2000000177601,1,CAD,112,7%,13,app,
2025-11-18,2025-11-18 07:39:17,CUST000000007407,766483,1,2000000349787,1,INR,27466,7%,1273,app,
2025-11-18,2025-11-18 07:39:17,CUST000000007407,766483,2,2000000124544,Two,INR,1039,17%,87,app,
2025-11-18,2025-11-18 07:39:17,CUST000000007407,766483,3,2000000041117,1,INR,2259,8%,250,app,
2025-11-18,2025-11-18 07:39:17,CUST000000007407,766483,4,2000000350684,4,INR,51729,21%,8160,app,
2025-11-18,2025-11-18 18:14:32,CUST000000231068,766484,1,2000000087054,1,INR,25329,0%,3040,web,
2025-11-18,2025-11-18 01:44:29,CUST000000004231,766485,1,2000000450001,1,USD,$69,0%,13,app,
2025-11-18,2025-11-18 05:09:01,CUST000000124266,766486,1,2000000221731,1,INR,1681,24%,155,web,
2025-11-18,2025-11-18 18:11:53,CUST000000211319,766487,1,2000000127583,1,USD,$29,4%,4,web,
2025-11-18,2025-11-18 18:11:53,CUST000000211319,766487,2,2000000098296,3,USD,$78,0%,29,web,
2025-11-18,2025-11-18 18:11:53,CUST000000211319,766487,3,2000000388403,3,USD,$22,27%,10,web,
2025-11-18,2025-11-18 18:11:53,CUST000000211319,766487,4,2000000118802,1,USD,$23,0%,2,web,
2025-11-18,2025-11-18 05:28:13,CUST000000064380,766488,1,2000000129181,1,AED,188,20%,19,app,
2025-11-18,2025-11-18 16:12:22,CUST000000087040,766489,1,2000000340401,1,INR,787,19%,33,app,
2025-11-18,2025-11-18 10:31:54,CUST000000010037,766490,1,2000000468761,1,INR,5518,11%,590,web,
2025-11-18,2025-11-18 21:33:09,CUST000000040582,766491,1,2000000004396,1,INR,1537,9%,169,web,
2025-11-18,2025-11-18 21:33:09,CUST000000040582,766491,2,2000000486055,1,INR,7281,7%,1214,web,
2025-11-18,2025-11-18 07:07:25,CUST000000267027,766492,1,2000000432380,1,CAD,29,0%,6,web,
2025-11-18,2025-11-18 07:07:25,CUST000000267027,766492,2,2000000050270,1,CAD,27,13%,2,web,
2025-11-18,2025-11-18 13:21:55,CUST000000219576,766493,1,2000000421896,1,USD,$3,0%,1,web,
2025-11-18,2025-11-18 13:21:55,CUST000000219576,766493,2,2000000186238,1,USD,$67,8%,4,web,
2025-11-18,2025-11-18 13:21:55,CUST000000219576,766493,3,2000000499413,1,USD,$55,6%,3,web,
2025-11-18,2025-11-18 13:21:55,CUST000000219576,766493,4,2000000314839,3,USD,$8,3%,3,web,
2025-11-18,2025-11-18 20:42:37,CUST000000009528,766494,1,2000000061849,Two,USD,$56,18%,12,web,
2025-11-18,2025-11-18 20:42:37,CUST000000009528,766494,2,2000000141206,1,USD,$104,7%,18,web,
2025-11-18,2025-11-18 22:20:51,CUST000000122483,766495,1,2000000480381,1,SGD,19,17%,2,web,
2025-11-18,2025-11-18 22:20:51,CUST000000122483,766495,2,2000000047522,1,SGD,63,0%,4,web,
2025-11-18,2025-11-18 22:20:51,CUST000000122483,766495,3,2000000377001,1,SGD,18,12%,2,web,
2025-11-18,2025-11-18 17:31:57,CUST000000171903,766496,1,2000000234687,1,INR,1962,0%,236,web,
2025-11-18,2025-11-18 09:26:12,CUST000000164224,766497,1,2000000154411,1,AUD,1232,4%,213,app,FEST20
2025-11-18,2025-11-18 12:23:41,CUST000000237189,766498,1,2000000122304,1,INR,36367,17%,5434,app,FEST20
2025-11-18,2025-11-18 12:23:41,CUST000000237189,766498,2,2000000249995,Two,INR,1083,9%,355,app,FEST20
2025-11-18,2025-11-18 01:15:39,CUST000000216563,766499,1,2000000105918,1,INR,2287,8%,105,app,
2025-11-18,2025-11-18 01:15:39,CUST000000216563,766499,2,2000000290515,1,INR,848,14%,88,app,
2025-11-18,2025-11-18 17:03:40,CUST000000292976,766500,1,2000000406251,Two,SGD,14,0%,4,app,
2025-11-18,2025-11-18 22:29:44,CUST000000164900,766501,1,2000000248622,3,INR,4720,0%,2550,web,
2025-11-18,2025-11-18 15:26:28,CUST000000299559,766502,1,2000000411088,4,SGD,979,12%,619,web,
2025-11-18,2025-11-18 14:37:17,CUST000000114294,766503,1,2000000344157,1,INR,4610,11%,205,web,PRIME5
2025-11-18,2025-11-18 02:22:36,CUST000000278189,766504,1,2000000362335,1,INR,3346,18%,329,web,
2025-11-18,2025-11-18 02:48:25,CUST000000112318,766505,1,2000000293318,1,INR,48187,0%,8655,app,
2025-11-18,2025-11-18 02:48:25,CUST000000112318,766505,2,2000000051987,1,INR,58106,4%,6660,app,
2025-11-18,2025-11-18 17:05:58,CUST000000041777,766506,1,2000000114125,1,AED,1461,9%,160,app,FEST20
2025-11-18,2025-11-18 19:18:58,CUST000000192471,766507,1,2000000438207,1,SGD,65,0%,4,app,
2025-11-18,2025-11-18 05:16:49,CUST000000153552,766508,1,2000000431482,Two,INR,2253,12%,478,app,
2025-11-18,2025-11-18 05:46:52,CUST000000294172,766509,1,2000000137049,1,INR,1034,7%,174,web,
2025-11-18,2025-11-18 19:22:12,CUST000000057853,766510,1,2000000265476,1,GBP,26,25%,1,app,FEST20
2025-11-18,2025-11-18 22:20:24,CUST000000054917,766511,1,2000000440989,Two,USD,$61,21%,12,web,
2025-11-18,2025-11-18 22:20:24,CUST000000054917,766511,2,2000000128207,Two,USD,$21,5%,8,web,
2025-11-18,2025-11-18 22:20:24,CUST000000054917,766511,3,2000000421780,1,USD,$1119,5%,128,web,
2025-11-18,2025-11-18 18:45:30,CUST000000251611,766512,1,2000000073385,1,INR,31459,4%,5434,app,
2025-11-18,2025-11-18 18:45:30,CUST000000251611,766512,2,2000000132716,1,INR,2467,1%,123,app,
2025-11-18,2025-11-18 18:45:30,CUST000000251611,766512,3,2000000180816,1,INR,15463,9%,1691,app,
2025-11-18,2025-11-18 22:00:43,CUST000000254576,766513,1,2000000015392,1,INR,35356,14%,5479,app,PRIME5
2025-11-18,2025-11-18 22:00:43,CUST000000254576,766513,2,2000000343174,1,INR,3165,0%,159,app,PRIME5
2025-11-18,2025-11-18 09:48:37,CUST000000233243,766514,1,2000000261935,1,USD,$124,19%,13,app,PRIME5
2025-11-18,2025-11-18 05:16:19,CUST000000148323,766515,1,2000000429977,1,INR,7293,9%,332,web,NEW10
2025-11-18,2025-11-18 22:46:20,CUST000000284210,766516,1,2000000012384,1,INR,931,0%,168,app,FEST20
2025-11-18,2025-11-18 22:46:20,CUST000000284210,766516,2,2000000287478,4,INR,1869,12%,1191,app,FEST20
2025-11-18,2025-11-18 05:46:31,CUST000000032005,766517,1,2000000134253,1,INR,1066,31%,37,app,
2025-11-18,2025-11-18 15:14:50,CUST000000007307,766518,1,2000000368894,1,INR,3702,11%,397,web,
2025-11-18,2025-11-18 17:30:38,CUST000000184133,766519,1,2000000105222,1,USD,$9,16%,1,app,NEW10
2025-11-18,2025-11-18 19:41:01,CUST000000293362,766520,1,2000000277639,1,AUD,587,9%,97,web,SAVE50
2025-11-18,2025-11-18 16:31:39,CUST000000010487,766521,1,2000000426549,1,INR,1463,19%,142,web,
2025-11-18,2025-11-18 16:31:39,CUST000000010487,766521,2,2000000096537,1,INR,3875,5%,185,web,
2025-11-18,2025-11-18 09:41:21,CUST000000224125,766522,1,2000000308616,1,INR,1085,12%,115,web,
2025-11-18,2025-11-18 20:07:02,CUST000000014872,766523,1,2000000151786,1,INR,5364,0%,644,web,PRIME5
2025-11-18,2025-11-18 20:07:02,CUST000000014872,766523,2,2000000157313,1,INR,10122,0%,1215,web,PRIME5
2025-11-18,2025-11-18 18:07:58,CUST000000239002,766524,1,2000000480510,1,INR,28475,5%,3238,web,
2025-11-18,2025-11-18 15:02:52,CUST000000150537,766525,1,2000000246970,Two,INR,505,2%,50,web,
2025-11-18,2025-11-18 05:33:41,CUST000000057945,766526,1,2000000363455,1,SGD,5,0%,1,app,FEST20
2025-11-18,2025-11-18 18:35:37,CUST000000000333,766527,1,2000000299525,1,INR,1661,14%,72,app,
2025-11-18,2025-11-18 18:35:37,CUST000000000333,766527,2,2000000442853,1,INR,7429,1%,1330,app,
2025-11-18,2025-11-18 18:35:37,CUST000000000333,766527,3,2000000107424,1,INR,1021,15%,44,app,
2025-11-18,2025-11-18 13:51:11,CUST000000179256,766528,1,2000000322964,1,INR,59058,11%,2614,app,
2025-11-18,2025-11-18 22:00:17,CUST000000021165,766529,1,2000000058382,1,AED,17,8%,2,app,SAVE50
2025-11-18,2025-11-18 04:00:27,CUST000000243133,766530,1,2000000071282,1,INR,15605,15%,1590,web,FEST20
2025-11-18,2025-11-18 02:08:30,CUST000000106469,766531,1,2000000463315,Two,GBP,23,21%,5,app,
2025-11-18,2025-11-18 02:08:30,CUST000000106469,766531,2,2000000305073,Two,GBP,21,6%,8,app,
2025-11-18,2025-11-18 02:08:30,CUST000000106469,766531,3,2000000339795,Two,GBP,65,15%,14,app,
2025-11-18,2025-11-18 15:53:14,CUST000000277155,766532,1,2000000029795,1,SGD,797,7%,134,app,NEW10
2025-11-18,2025-11-18 15:53:14,CUST000000277155,766532,2,2000000313986,1,SGD,1142,9%,53,app,NEW10
2025-11-18,2025-11-18 15:53:14,CUST000000277155,766532,3,2000000305318,1,SGD,18,16%,2,app,NEW10
2025-11-18,2025-11-18 15:53:14,CUST000000277155,766532,4,2000000342122,1,SGD,25,4%,3,app,NEW10
2025-11-18,2025-11-18 13:34:17,CUST000000027169,766533,1,2000000438016,1,GBP,13,4%,1,app,FEST20
2025-11-18,2025-11-18 12:34:49,CUST000000085158,766534,1,2000000084107,1,CAD,72,4%,9,web,
2025-11-18,2025-11-18 12:34:49,CUST000000085158,766534,2,2000000044675,1,CAD,70,13%,8,web,
2025-11-18,2025-11-18 12:34:49,CUST000000085158,766534,3,2000000447971,1,CAD,52,7%,6,web,
2025-11-18,2025-11-18 07:06:38,CUST000000033656,766535,1,2000000017112,1,CAD,19,1%,3,app,
2025-11-18,2025-11-18 07:06:38,CUST000000033656,766535,2,2000000066288,Two,CAD,57,18%,17,app,
2025-11-18,2025-11-18 02:08:27,CUST000000184189,766536,1,2000000153674,1,INR,16043,10%,723,app,
2025-11-18,2025-11-18 02:08:27,CUST000000184189,766536,2,2000000013374,1,INR,19363,12%,856,app,
2025-11-18,2025-11-18 02:08:27,CUST000000184189,766536,3,2000000452425,1,INR,7131,9%,777,app,
2025-11-18,2025-11-18 05:09:39,CUST000000113673,766537,1,2000000362434,1,INR,13393,0%,1608,web,FEST20
2025-11-18,2025-11-18 04:31:27,CUST000000221890,766538,1,2000000216539,1,GBP,7,13%,1,web,PRIME5
2025-11-18,2025-11-18 04:31:27,CUST000000221890,766538,2,2000000159904,1,GBP,88,17%,4,web,PRIME5
2025-11-18,2025-11-18 06:14:30,CUST000000046257,766539,1,2000000328997,1,INR,4769,0%,856,web,
2025-11-18,2025-11-18 08:10:47,CUST000000181920,766540,1,2000000479477,1,INR,1494,0%,269,web,
2025-11-18,2025-11-18 23:43:31,CUST000000036580,766541,1,2000000130323,Two,GBP,15,9%,4,app,SAVE50
2025-11-18,2025-11-18 11:02:10,CUST000000055638,766542,1,2000000018041,Two,INR,1136,6%,107,app,
2025-11-18,2025-11-18 00:20:52,CUST000000182907,766543,1,2000000161860,1,GBP,80,6%,4,app,NEW10
2025-11-18,2025-11-18 00:20:52,CUST000000182907,766543,2,2000000191881,1,GBP,43,18%,5,app,NEW10
2025-11-18,2025-11-18 00:20:52,CUST000000182907,766543,3,2000000362762,1,GBP,37,1%,2,app,NEW10
2025-11-18,2025-11-18 14:54:17,CUST000000212287,766544,1,2000000432359,1,GBP,11,0%,1,app,
2025-11-18,2025-11-18 11:47:03,CUST000000069125,766545,1,2000000291109,1,INR,2002,20%,194,web,
2025-11-18,2025-11-18 03:02:04,CUST000000015186,766546,1,2000000475905,1,INR,16178,18%,1589,app,
2025-11-18,2025-11-18 03:02:04,CUST000000015186,766546,2,2000000374895,1,INR,1797,12%,79,app,
2025-11-18,2025-11-18 03:02:04,CUST000000015186,766546,3,2000000109886,1,INR,861,10%,39,app,
2025-11-18,2025-11-18 03:02:04,CUST000000015186,766546,4,2000000067155,1,INR,2147,0%,108,app,
2025-11-18,2025-11-18 13:00:14,CUST000000231033,766547,1,2000000385594,1,INR,14258,4%,682,web,
2025-11-18,2025-11-18 13:00:14,CUST000000231033,766547,2,2000000446943,Two,INR,70867,13%,14846,web,
2025-11-18,2025-11-18 13:00:14,CUST000000231033,766547,3,2000000079264,3,INR,14926,7%,7504,web,
2025-11-18,2025-11-18 14:01:12,CUST000000226262,766548,1,2000000082929,1,INR,1850,9%,85,web,
2025-11-18,2025-11-18 14:01:12,CUST000000226262,766548,2,2000000470764,1,INR,11469,5%,547,web,
2025-11-18,2025-11-18 04:23:39,CUST000000273336,766549,1,2000000193823,1,INR,3937,3%,192,app,
2025-11-18,2025-11-18 02:17:28,CUST000000213868,766550,1,2000000443904,1,INR,16454,0%,1975,web,NEW10
2025-11-18,2025-11-18 21:23:25,CUST000000155689,766551,1,2000000175973,Two,AED,64,13%,14,app,PRIME5
2025-11-18,2025-11-18 21:23:25,CUST000000155689,766551,2,2000000247045,1,AED,616,0%,75,app,PRIME5
2025-11-18,2025-11-18 21:23:25,CUST000000155689,766551,3,2000000087443,1,AED,779,5%,89,app,PRIME5
2025-11-18,2025-11-18 20:29:26,CUST000000281832,766552,1,2000000266930,1,INR,745,8%,83,web,SAVE50
2025-11-18,2025-11-18 14:16:33,CUST000000043887,766553,1,2000000070742,1,GBP,56,0%,11,app,
2025-11-18,2025-11-18 11:11:19,CUST000000268873,766554,1,2000000195520,1,AED,111,21%,16,web,FEST20
2025-11-18,2025-11-18 21:31:11,CUST000000022271,766555,1,2000000142296,4,INR,15115,19%,5876,app,
2025-11-18,2025-11-18 21:31:11,CUST000000022271,766555,2,2000000213996,3,INR,2883,20%,1254,app,
2025-11-18,2025-11-18 04:05:33,CUST000000278949,766556,1,2000000195049,1,INR,4484,12%,476,app,
2025-11-18,2025-11-18 04:05:33,CUST000000278949,766556,2,2000000329697,1,INR,7921,3%,922,app,
2025-11-18,2025-11-18 04:05:33,CUST000000278949,766556,3,2000000026428,4,INR,6654,12%,2806,app,
2025-11-18,2025-11-18 12:37:45,CUST000000093401,766557,1,2000000192185,1,USD,$77,7%,9,app,
2025-11-18,2025-11-18 06:06:02,CUST000000231098,766558,1,2000000430195,1,INR,25475,16%,3830,web,
2025-11-18,2025-11-18 06:06:02,CUST000000231098,766558,2,2000000419862,1,INR,2704,10%,294,web,
2025-11-18,2025-11-18 06:06:02,CUST000000231098,766558,3,2000000142722,1,INR,2958,0%,148,web,
2025-11-18,2025-11-18 03:36:56,CUST000000203096,766559,1,2000000391342,3,INR,2152,8%,299,app,PRIME5
2025-11-18,2025-11-18 18:19:46,CUST000000248790,766560,1,2000000279800,1,AED,228,16%,10,web,
2025-11-18,2025-11-18 18:19:46,CUST000000248790,766560,2,2000000122809,1,AED,122,3%,6,web,
2025-11-18,2025-11-18 18:19:46,CUST000000248790,766560,3,2000000370392,1,AED,164,26%,15,web,
2025-11-18,2025-11-18 18:19:46,CUST000000248790,766560,4,2000000065854,1,AED,44,9%,5,web,
2025-11-18,2025-11-18 23:33:45,CUST000000022408,766561,1,2000000461397,Two,USD,$19,16%,6,web,
2025-11-18,2025-11-18 13:06:04,CUST000000011923,766562,1,2000000480237,1,GBP,70,11%,8,app,PRIME5
2025-11-18,2025-11-18 23:05:07,CUST000000017944,766563,1,2000000332369,1,USD,$8,7%,1,app,
2025-11-18,2025-11-18 23:05:07,CUST000000017944,766563,2,2000000464237,1,USD,$13,11%,2,app,
2025-11-18,2025-11-18 08:38:16,CUST000000126047,766564,1,2000000082707,1,GBP,25,23%,3,app,SAVE50
2025-11-18,2025-11-18 05:08:55,CUST000000097518,766565,1,2000000358871,1,INR,301,19%,45,app,
2025-11-18,2025-11-18 10:11:58,CUST000000247293,766566,1,2000000028514,1,AED,58,12%,7,app,PRIME5
2025-11-18,2025-11-18 10:11:58,CUST000000247293,766566,2,2000000181387,1,AED,72,7%,9,app,PRIME5
2025-11-18,2025-11-18 06:31:49,CUST000000063825,766567,1,2000000343259,Two,CAD,1873,1%,670,app,
2025-11-18,2025-11-18 06:31:49,CUST000000063825,766567,2,2000000288178,1,CAD,14,28%,2,app,
2025-11-18,2025-11-18 06:31:49,CUST000000063825,766567,3,2000000320533,Two,CAD,41,3%,4,app,
2025-11-18,2025-11-18 06:31:49,CUST000000063825,766567,4,2000000493664,1,CAD,50,7%,6,app,
2025-11-18,2025-11-18 01:32:06,CUST000000064568,766568,1,2000000406008,3,INR,2620,0%,944,web,
2025-11-18,2025-11-18 01:32:06,CUST000000064568,766568,2,2000000440620,Two,INR,8627,18%,2562,web,
2025-11-18,2025-11-18 16:18:13,CUST000000041870,766569,1,2000000383293,1,INR,3023,0%,152,app,
2025-11-18,2025-11-18 00:32:47,CUST000000260452,766570,1,2000000247571,1,INR,22476,18%,2217,app,FEST20
2025-11-18,2025-11-18 14:32:54,CUST000000270250,766571,1,2000000429106,3,GBP,20,20%,9,app,
2025-11-18,2025-11-18 00:56:22,CUST000000231124,766572,1,2000000175997,Two,USD,$174,13%,37,app,
2025-11-18,2025-11-18 00:56:22,CUST000000231124,766572,2,2000000138268,1,USD,$683,9%,75,app,
2025-11-18,2025-11-18 00:10:41,CUST000000223613,766573,1,2000000091020,1,USD,$14,16%,3,app,
2025-11-18,2025-11-18 11:17:15,CUST000000151677,766574,1,2000000038612,Two,USD,$74,3%,18,app,
2025-11-18,2025-11-18 20:17:21,CUST000000299493,766575,1,2000000178066,1,INR,52331,17%,7830,app,PRIME5
2025-11-18,2025-11-18 02:11:56,CUST000000013098,766576,1,2000000229591,Two,INR,2396,0%,576,web,
2025-11-18,2025-11-18 02:11:56,CUST000000013098,766576,2,2000000147352,Two,INR,1514,1%,362,web,
2025-11-18,2025-11-18 02:11:56,CUST000000013098,766576,3,2000000073231,1,INR,222,21%,22,web,
2025-11-18,2025-11-18 00:46:39,CUST000000180434,766577,1,2000000360249,1,SGD,1268,0%,64,app,
2025-11-18,2025-11-18 16:23:51,CUST000000155467,766578,1,2000000300085,3,AED,119,3%,18,app,
2025-11-18,2025-11-18 16:23:51,CUST000000155467,766578,2,2000000341699,1,AED,212,2%,11,app,
2025-11-18,2025-11-18 16:23:51,CUST000000155467,766578,3,2000000368528,1,AED,202,0%,25,app,
2025-11-18,2025-11-18 16:23:51,CUST000000155467,766578,4,2000000009001,1,AED,87,0%,11,app,
2025-11-18,2025-11-18 14:18:54,CUST000000085169,766579,1,2000000127903,1,INR,11263,12%,1184,web,FEST20
2025-11-18,2025-11-18 16:20:24,CUST000000063934,766580,1,2000000191119,1,USD,$11,15%,2,app,
2025-11-18,2025-11-18 20:31:05,CUST000000079907,766581,1,2000000005515,1,INR,1461,18%,216,app,
2025-11-18,2025-11-18 12:25:15,CUST000000124449,766582,1,2000000024974,1,INR,6620,2%,783,web,SAVE50
2025-11-18,2025-11-18 09:39:50,CUST000000015117,766583,1,2000000033464,Two,INR,4697,7%,1051,web,
2025-11-18,2025-11-18 10:28:17,CUST000000149900,766584,1,2000000110394,1,INR,47892,25%,6464,app,
2025-11-18,2025-11-18 16:19:42,CUST000000193761,766585,1,2000000036243,1,GBP,15,2%,1,web,
2025-11-18,2025-11-18 16:19:42,CUST000000193761,766585,2,2000000059198,Two,GBP,657,0%,66,web,
2025-11-18,2025-11-18 12:44:49,CUST000000052641,766586,1,2000000422534,1,AED,645,0%,78,app,
2025-11-18,2025-11-18 11:50:29,CUST000000114953,766587,1,2000000046907,Two,INR,1021,5%,98,web,
2025-11-18,2025-11-18 04:53:28,CUST000000257668,766588,1,2000000425627,1,INR,4473,17%,666,app,
2025-11-18,2025-11-18 04:53:28,CUST000000257668,766588,2,2000000492094,Two,INR,5062,7%,1125,app,
2025-11-18,2025-11-18 12:02:17,CUST000000086983,766589,1,2000000246666,1,AED,81,15%,9,app,
2025-11-18,2025-11-18 15:17:51,CUST000000242349,766590,1,2000000322353,1,SGD,9,5%,2,app,
2025-11-18,2025-11-18 15:17:51,CUST000000242349,766590,2,2000000198385,1,SGD,33,8%,2,app,
2025-11-18,2025-11-18 06:50:09,CUST000000226671,766591,1,2000000266763,3,INR,3508,3%,1220,app,
2025-11-18,2025-11-18 19:10:23,CUST000000139205,766592,1,2000000350585,1,INR,2094,4%,364,app,SAVE50
2025-11-18,2025-11-18 22:49:08,CUST000000224608,766593,1,2000000403793,1,INR,68603,5%,7838,app,FEST20
2025-11-18,2025-11-18 20:25:21,CUST000000282116,766594,1,2000000278995,1,GBP,25,21%,3,app,
2025-11-18,2025-11-18 20:25:21,CUST000000282116,766594,2,2000000168883,1,GBP,6,0%,1,app,
2025-11-18,2025-11-18 20:25:21,CUST000000282116,766594,3,2000000397610,1,GBP,70,13%,4,app,
2025-11-18,2025-11-18 05:36:16,CUST000000038374,766595,1,2000000477121,3,INR,2083,0%,751,web,
2025-11-18,2025-11-18 05:36:16,CUST000000038374,766595,2,2000000458885,Two,INR,2851,8%,627,web,
2025-11-18,2025-11-18 21:29:26,CUST000000110621,766596,1,2000000402383,Two,INR,9765,19%,1903,app,
2025-11-18,2025-11-18 21:29:26,CUST000000110621,766596,2,2000000220321,1,INR,3440,11%,368,app,
2025-11-18,2025-11-18 21:29:26,CUST000000110621,766596,3,2000000346236,3,INR,1279,1%,458,app,
2025-11-18,2025-11-18 20:09:08,CUST000000216955,766597,1,2000000488776,1,INR,9700,7%,1078,app,PRIME5
2025-11-18,2025-11-18 09:51:52,CUST000000252773,766598,1,2000000088846,1,AED,53,21%,3,web,
2025-11-18,2025-11-18 11:43:31,CUST000000197952,766599,1,2000000474205,1,INR,9003,9%,987,web,
2025-11-18,2025-11-18 20:36:44,CUST000000235007,766600,1,2000000281483,1,USD,$17,0%,3,app,
2025-11-18,2025-11-18 04:04:58,CUST000000170534,766601,1,2000000375489,1,AED,21,0%,3,web,
2025-11-18,2025-11-18 01:40:35,CUST000000275508,766602,1,2000000168913,Two,INR,1389,14%,289,web,FEST20
2025-11-18,2025-11-18 02:01:36,CUST000000023546,766603,1,2000000365480,1,INR,1739,2%,206,web,
2025-11-18,2025-11-18 03:07:45,CUST000000205801,766604,1,2000000482491,1,GBP,41,17%,2,app,
2025-11-18,2025-11-18 03:07:45,CUST000000205801,766604,2,2000000394619,1,GBP,310,0%,56,app,
2025-11-18,2025-11-18 03:07:45,CUST000000205801,766604,3,2000000020105,1,GBP,5,7%,1,app,
2025-11-18,2025-11-18 03:07:45,CUST000000205801,766604,4,2000000036571,1,GBP,337,0%,61,app,
2025-11-18,2025-11-18 00:42:58,CUST000000021071,766605,1,2000000033419,Two,INR,1337,0%,322,app,FEST20
2025-11-18,2025-11-18 00:42:58,CUST000000021071,766605,2,2000000234151,1,INR,3952,13%,411,app,FEST20
2025-11-18,2025-11-18 00:42:58,CUST000000021071,766605,3,2000000440491,1,INR,8836,8%,972,app,FEST20
2025-11-18,2025-11-18 22:57:25,CUST000000261960,766606,1,2000000287744,1,INR,38139,6%,4298,app,PRIME5
2025-11-18,2025-11-18 06:19:31,CUST000000278845,766607,1,2000000042893,1,INR,2031,3%,99,web,
2025-11-18,2025-11-18 08:42:10,CUST000000138446,766608,1,2000000364285,1,INR,2022,0%,365,app,
2025-11-18,2025-11-18 08:42:10,CUST000000138446,766608,2,2000000228198,1,INR,32550,21%,3101,app,
2025-11-18,2025-11-18 08:42:10,CUST000000138446,766608,3,2000000159027,1,INR,1071,11%,115,app,
2025-11-18,2025-11-18 06:28:19,CUST000000252273,766609,1,2000000088693,1,INR,1301,0%,235,web,
